future_id,chi,difficult,n,anchor_neg,variable_coords,variable_rows,max_row_patterns,excess_row_patterns,observed_actions,revealing_actions,conflict_actions,pairs,revealable_pairs,coobs_pair_actions,reveal_pair_actions,row_patterns
0,7,1,44,20,20,5,4,10,32,30,30,946,224,2948,658,4 3 3 3 2
1,3,1,11,16,16,4,4,9,18,12,12,55,8,144,18,4 3 3 3 1
2,2,1,8,16,16,4,3,7,6,4,4,28,1,60,4,3 3 2 3 1
3,1,0,5,16,8,4,2,4,2,0,0,10,0,20,0,2 2 2 2 1
4,1,0,1,16,0,0,1,0,0,0,0,0,0,0,0,1 1 1 1 1
6,1,0,6,19,15,4,2,4,2,0,0,15,0,30,0,1 2 2 2 2
8,1,0,2,15,7,2,2,2,2,0,0,1,0,2,0,1 1 2 2 1
9,1,0,14,19,19,5,4,9,8,0,0,91,0,188,0,4 3 3 2 2
10,1,0,1,15,0,0,1,0,0,0,0,0,0,0,0,1 1 1 1 1
11,2,1,4,19,12,3,2,3,10,2,2,6,1,20,2,2 2 2 1 1
12,2,1,5,16,13,4,2,4,12,8,8,10,3,30,8,2 2 2 1 2
13,1,0,7,12,12,3,2,3,10,0,0,21,0,170,0,2 2 2 1 1
14,1,0,2,12,1,1,2,1,2,0,0,1,0,2,0,1 1 2 1 1
15,1,0,1,12,0,0,1,0,0,0,0,0,0,0,0,1 1 1 1 1
16,1,0,3,16,12,3,3,4,2,0,0,3,0,6,0,1 2 3 1 2
18,1,0,2,12,1,1,2,1,2,0,0,1,0,2,0,1 1 2 1 1
20,1,0,1,12,0,0,1,0,0,0,0,0,0,0,0,1 1 1 1 1
21,2,1,7,16,12,3,4,6,12,4,4,21,3,70,6,4 3 2 1 1
23,1,0,7,16,16,4,3,6,2,0,0,21,0,42,0,3 2 3 1 2
24,1,0,1,12,0,0,1,0,0,0,0,0,0,0,0,1 1 1 1 1
25,1,0,1,12,0,0,1,0,0,0,0,0,0,0,0,1 1 1 1 1
27,1,0,1,12,0,0,1,0,0,0,0,0,0,0,0,1 1 1 1 1
28,1,0,1,16,0,0,1,0,0,0,0,0,0,0,0,1 1 1 1 1
29,1,0,1,12,0,0,1,0,0,0,0,0,0,0,0,1 1 1 1 1
31,1,0,1,16,0,0,1,0,0,0,0,0,0,0,0,1 1 1 1 1
32,1,0,1,12,0,0,1,0,0,0,0,0,0,0,0,1 1 1 1 1
33,1,0,1,12,0,0,1,0,0,0,0,0,0,0,0,1 1 1 1 1
34,2,1,4,16,16,4,2,4,10,4,4,6,2,24,6,2 2 2 1 2
35,1,0,1,12,0,0,1,0,0,0,0,0,0,0,0,1 1 1 1 1
36,1,0,1,16,0,0,1,0,0,0,0,0,0,0,0,1 1 1 1 1
37,1,0,1,12,0,0,1,0,0,0,0,0,0,0,0,1 1 1 1 1
38,1,0,1,12,0,0,1,0,0,0,0,0,0,0,0,1 1 1 1 1
39,1,0,1,12,0,0,1,0,0,0,0,0,0,0,0,1 1 1 1 1
40,1,0,1,12,0,0,1,0,0,0,0,0,0,0,0,1 1 1 1 1
43,1,0,1,12,0,0,1,0,0,0,0,0,0,0,0,1 1 1 1 1
47,1,0,4,16,11,4,2,4,2,0,0,6,0,12,0,2 2 2 1 2
48,1,0,1,12,0,0,1,0,0,0,0,0,0,0,0,1 1 1 1 1
51,1,0,1,12,0,0,1,0,0,0,0,0,0,0,0,1 1 1 1 1
57,1,0,1,12,0,0,1,0,0,0,0,0,0,0,0,1 1 1 1 1
59,1,0,1,12,0,0,1,0,0,0,0,0,0,0,0,1 1 1 1 1
62,1,0,3,19,7,2,2,2,2,0,0,3,0,6,0,1 2 2 1 1
70,1,0,1,15,0,0,1,0,0,0,0,0,0,0,0,1 1 1 1 1
73,1,0,10,19,19,5,3,8,4,0,0,45,0,92,0,3 3 2 3 2
74,1,0,1,15,0,0,1,0,0,0,0,0,0,0,0,1 1 1 1 1
75,1,0,1,18,0,0,1,0,0,0,0,0,0,0,0,1 1 1 1 1
82,1,0,1,15,0,0,1,0,0,0,0,0,0,0,0,1 1 1 1 1
84,1,0,2,19,8,2,2,2,2,0,0,1,0,2,0,2 2 1 1 1
86,2,1,6,16,13,4,3,6,12,8,8,15,4,40,8,3 2 1 3 2
87,3,1,14,12,12,3,3,6,12,2,2,91,5,486,10,3 3 1 3 1
88,1,0,1,12,0,0,1,0,0,0,0,0,0,0,0,1 1 1 1 1
89,1,0,3,12,4,3,2,3,2,0,0,3,0,6,0,2 2 1 2 1
93,1,0,1,15,0,0,1,0,0,0,0,0,0,0,0,1 1 1 1 1
94,1,0,1,11,0,0,1,0,0,0,0,0,0,0,0,1 1 1 1 1
96,1,0,7,12,12,3,2,3,10,0,0,21,0,170,0,2 2 1 1 2
98,1,0,1,12,0,0,1,0,0,0,0,0,0,0,0,1 1 1 1 1
100,2,1,5,12,7,3,2,3,10,2,2,10,1,48,2,2 2 1 1 2
103,1,0,2,12,1,1,2,1,2,0,0,1,0,2,0,1 2 1 1 1
106,1,0,1,12,0,0,1,0,0,0,0,0,0,0,0,1 1 1 1 1
107,1,0,2,12,3,2,2,2,2,0,0,1,0,2,0,2 2 1 1 1
110,2,1,4,16,9,3,2,3,6,2,2,6,1,16,2,1 2 1 2 2
112,1,0,1,12,0,0,1,0,0,0,0,0,0,0,0,1 1 1 1 1
114,1,0,1,12,0,0,1,0,0,0,0,0,0,0,0,1 1 1 1 1
117,1,0,1,12,0,0,1,0,0,0,0,0,0,0,0,1 1 1 1 1
118,1,0,7,16,13,4,3,6,2,0,0,21,0,42,0,3 3 1 2 2
119,1,0,1,12,0,0,1,0,0,0,0,0,0,0,0,1 1 1 1 1
120,1,0,1,15,0,0,1,0,0,0,0,0,0,0,0,1 1 1 1 1
122,2,1,9,16,16,4,4,8,6,4,4,36,1,76,4,4 3 1 3 2
123,1,0,1,12,0,0,1,0,0,0,0,0,0,0,0,1 1 1 1 1
124,1,0,1,12,0,0,1,0,0,0,0,0,0,0,0,1 1 1 1 1
125,1,0,3,12,3,2,2,2,2,0,0,3,0,6,0,2 2 1 1 1
126,1,0,1,12,0,0,1,0,0,0,0,0,0,0,0,1 1 1 1 1
127,1,0,1,15,0,0,1,0,0,0,0,0,0,0,0,1 1 1 1 1
128,1,0,1,11,0,0,1,0,0,0,0,0,0,0,0,1 1 1 1 1
131,1,0,1,15,0,0,1,0,0,0,0,0,0,0,0,1 1 1 1 1
132,1,0,1,12,0,0,1,0,0,0,0,0,0,0,0,1 1 1 1 1
135,1,0,1,12,0,0,1,0,0,0,0,0,0,0,0,1 1 1 1 1
137,1,0,1,12,0,0,1,0,0,0,0,0,0,0,0,1 1 1 1 1
138,1,0,1,12,0,0,1,0,0,0,0,0,0,0,0,1 1 1 1 1
140,1,0,1,12,0,0,1,0,0,0,0,0,0,0,0,1 1 1 1 1
142,1,0,2,16,4,1,2,1,2,0,0,1,0,2,0,1 2 1 1 1
143,1,0,1,12,0,0,1,0,0,0,0,0,0,0,0,1 1 1 1 1
144,1,0,1,12,0,0,1,0,0,0,0,0,0,0,0,1 1 1 1 1
145,1,0,1,12,0,0,1,0,0,0,0,0,0,0,0,1 1 1 1 1
146,1,0,1,16,0,0,1,0,0,0,0,0,0,0,0,1 1 1 1 1
148,1,0,1,15,0,0,1,0,0,0,0,0,0,0,0,1 1 1 1 1
149,1,0,1,12,0,0,1,0,0,0,0,0,0,0,0,1 1 1 1 1
150,1,0,5,16,8,4,2,4,2,0,0,10,0,20,0,2 2 1 2 2
151,1,0,3,12,4,3,2,3,2,0,0,3,0,6,0,2 2 1 2 1
152,1,0,2,12,3,2,2,2,2,0,0,1,0,2,0,2 1 1 2 1
153,1,0,2,12,4,3,2,3,2,0,0,1,0,2,0,2 2 1 2 1
155,1,0,1,12,0,0,1,0,0,0,0,0,0,0,0,1 1 1 1 1
160,1,0,1,12,0,0,1,0,0,0,0,0,0,0,0,1 1 1 1 1
161,1,0,2,12,3,2,2,2,4,0,0,1,0,4,0,2 2 1 1 1
162,1,0,1,12,0,0,1,0,0,0,0,0,0,0,0,1 1 1 1 1
163,1,0,1,12,0,0,1,0,0,0,0,0,0,0,0,1 1 1 1 1
165,1,0,2,12,3,2,2,2,2,0,0,1,0,2,0,2 2 1 1 1
166,1,0,1,12,0,0,1,0,0,0,0,0,0,0,0,1 1 1 1 1
168,1,0,1,12,0,0,1,0,0,0,0,0,0,0,0,1 1 1 1 1
169,1,0,1,12,0,0,1,0,0,0,0,0,0,0,0,1 1 1 1 1
173,1,0,1,12,0,0,1,0,0,0,0,0,0,0,0,1 1 1 1 1
175,1,0,1,16,0,0,1,0,0,0,0,0,0,0,0,1 1 1 1 1
177,1,0,1,12,0,0,1,0,0,0,0,0,0,0,0,1 1 1 1 1
183,1,0,1,12,0,0,1,0,0,0,0,0,0,0,0,1 1 1 1 1
184,1,0,1,12,0,0,1,0,0,0,0,0,0,0,0,1 1 1 1 1
193,1,0,1,12,0,0,1,0,0,0,0,0,0,0,0,1 1 1 1 1
194,1,0,1,12,0,0,1,0,0,0,0,0,0,0,0,1 1 1 1 1
195,1,0,1,12,0,0,1,0,0,0,0,0,0,0,0,1 1 1 1 1
199,3,1,9,19,19,5,2,5,6,4,4,36,4,80,8,2 2 2 2 2
200,1,0,2,15,7,2,2,2,2,0,0,1,0,2,0,1 2 2 1 1
202,1,0,4,18,15,4,2,4,2,0,0,6,0,12,0,2 1 2 2 2
206,2,1,3,18,11,3,2,3,4,2,2,3,2,12,4,2 2 2 1 1
210,1,0,1,15,0,0,1,0,0,0,0,0,0,0,0,1 1 1 1 1
214,1,0,1,18,0,0,1,0,0,0,0,0,0,0,0,1 1 1 1 1
215,1,0,1,17,0,0,1,0,0,0,0,0,0,0,0,1 1 1 1 1
217,1,0,2,18,3,1,2,1,2,0,0,1,0,2,0,1 2 1 1 1
219,1,0,1,15,0,0,1,0,0,0,0,0,0,0,0,1 1 1 1 1
230,1,0,1,15,0,0,1,0,0,0,0,0,0,0,0,1 1 1 1 1
232,1,0,1,11,0,0,1,0,0,0,0,0,0,0,0,1 1 1 1 1
234,1,0,1,10,0,0,1,0,0,0,0,0,0,0,0,1 1 1 1 1
237,1,0,1,11,0,0,1,0,0,0,0,0,0,0,0,1 1 1 1 1
239,1,0,1,15,0,0,1,0,0,0,0,0,0,0,0,1 1 1 1 1
249,2,1,12,19,18,5,3,8,10,2,2,66,1,140,2,3 2 3 3 2
250,1,0,3,15,12,4,2,4,2,0,0,3,0,6,0,2 2 2 2 1
253,2,1,4,18,10,3,3,4,4,2,2,6,1,14,2,3 1 1 2 2
254,1,0,1,14,0,0,1,0,0,0,0,0,0,0,0,1 1 1 1 1
257,1,0,1,15,0,0,1,0,0,0,0,0,0,0,0,1 1 1 1 1
259,1,0,5,15,11,3,4,5,2,0,0,10,0,20,0,4 2 2 1 1
264,1,0,1,18,0,0,1,0,0,0,0,0,0,0,0,1 1 1 1 1
265,1,0,1,14,0,0,1,0,0,0,0,0,0,0,0,1 1 1 1 1
267,1,0,1,15,0,0,1,0,0,0,0,0,0,0,0,1 1 1 1 1
268,1,0,1,11,0,0,1,0,0,0,0,0,0,0,0,1 1 1 1 1
270,1,0,1,14,0,0,1,0,0,0,0,0,0,0,0,1 1 1 1 1
271,1,0,1,10,0,0,1,0,0,0,0,0,0,0,0,1 1 1 1 1
273,1,0,2,11,4,1,2,1,8,0,0,1,0,8,0,1 1 1 1 2
282,1,0,2,15,7,2,2,2,2,0,0,1,0,2,0,2 1 1 1 2
284,1,0,2,15,1,1,2,1,2,0,0,1,0,2,0,2 1 1 1 1
295,2,1,6,19,12,3,2,3,10,2,2,15,1,42,2,2 1 1 2 2
296,1,0,1,15,0,0,1,0,0,0,0,0,0,0,0,1 1 1 1 1
297,1,0,3,18,7,2,2,2,4,0,0,3,0,8,0,1 1 1 2 2
300,1,0,3,18,12,3,2,3,2,0,0,3,0,6,0,2 1 2 1 2
302,1,0,2,15,8,2,2,2,2,0,0,1,0,2,0,2 1 2 1 1
304,2,1,9,16,16,4,3,7,10,4,4,36,4,90,8,3 1 3 3 2
305,1,0,8,12,12,3,3,5,10,0,0,28,0,198,0,3 1 2 3 1
306,1,0,1,12,0,0,1,0,0,0,0,0,0,0,0,1 1 1 1 1
307,1,0,2,12,1,1,2,1,2,0,0,1,0,2,0,2 1 1 1 1
308,1,0,1,15,0,0,1,0,0,0,0,0,0,0,0,1 1 1 1 1
311,1,0,7,12,12,3,2,3,10,0,0,21,0,170,0,2 1 2 1 2
313,1,0,1,12,0,0,1,0,0,0,0,0,0,0,0,1 1 1 1 1
314,1,0,1,12,0,0,1,0,0,0,0,0,0,0,0,1 1 1 1 1
315,1,0,2,12,2,2,2,2,2,0,0,1,0,2,0,2 1 2 1 1
318,1,0,1,12,0,0,1,0,0,0,0,0,0,0,0,1 1 1 1 1
324,1,0,7,12,12,3,2,3,10,0,0,21,0,170,0,2 1 1 2 2
332,1,0,1,12,0,0,1,0,0,0,0,0,0,0,0,1 1 1 1 1
333,1,0,1,12,0,0,1,0,0,0,0,0,0,0,0,1 1 1 1 1
334,1,0,1,12,0,0,1,0,0,0,0,0,0,0,0,1 1 1 1 1
341,1,0,1,12,0,0,1,0,0,0,0,0,0,0,0,1 1 1 1 1
343,1,0,4,16,13,4,3,5,2,0,0,6,0,12,0,2 1 3 2 2
344,1,0,1,12,0,0,1,0,0,0,0,0,0,0,0,1 1 1 1 1
345,1,0,1,12,0,0,1,0,0,0,0,0,0,0,0,1 1 1 1 1
347,1,0,1,12,0,0,1,0,0,0,0,0,0,0,0,1 1 1 1 1
348,1,0,1,12,0,0,1,0,0,0,0,0,0,0,0,1 1 1 1 1
351,1,0,1,12,0,0,1,0,0,0,0,0,0,0,0,1 1 1 1 1
361,1,0,1,12,0,0,1,0,0,0,0,0,0,0,0,1 1 1 1 1
365,1,0,1,16,0,0,1,0,0,0,0,0,0,0,0,1 1 1 1 1
366,1,0,1,12,0,0,1,0,0,0,0,0,0,0,0,1 1 1 1 1
367,1,0,1,12,0,0,1,0,0,0,0,0,0,0,0,1 1 1 1 1
368,1,0,1,12,0,0,1,0,0,0,0,0,0,0,0,1 1 1 1 1
370,1,0,1,12,0,0,1,0,0,0,0,0,0,0,0,1 1 1 1 1
372,1,0,1,12,0,0,1,0,0,0,0,0,0,0,0,1 1 1 1 1
374,4,1,12,16,13,4,4,7,12,6,6,66,10,196,20,4 1 2 3 2
375,2,1,6,12,8,3,3,4,10,2,2,15,1,70,2,3 1 2 2 1
376,1,0,1,12,0,0,1,0,0,0,0,0,0,0,0,1 1 1 1 1
377,1,0,2,12,3,2,2,2,4,0,0,1,0,4,0,2 1 1 2 1
378,1,0,4,15,11,3,3,4,2,0,0,6,0,12,0,3 1 1 2 2
379,1,0,2,11,4,1,2,1,8,0,0,1,0,8,0,1 1 2 1 1
381,1,0,3,12,2,2,2,2,2,0,0,3,0,6,0,2 1 2 1 1
384,2,1,7,12,11,3,3,5,12,4,4,21,1,106,4,3 1 3 1 2
385,1,0,1,12,0,0,1,0,0,0,0,0,0,0,0,1 1 1 1 1
386,1,0,2,12,2,1,2,1,2,0,0,1,0,2,0,2 1 1 1 1
387,1,0,1,15,0,0,1,0,0,0,0,0,0,0,0,1 1 1 1 1
395,1,0,9,16,16,4,3,7,2,0,0,36,0,72,0,3 1 3 3 2
397,1,0,1,12,0,0,1,0,0,0,0,0,0,0,0,1 1 1 1 1
398,1,0,1,12,0,0,1,0,0,0,0,0,0,0,0,1 1 1 1 1
399,1,0,1,12,0,0,1,0,0,0,0,0,0,0,0,1 1 1 1 1
403,1,0,2,12,1,1,2,1,2,0,0,1,0,2,0,2 1 1 1 1
404,1,0,1,12,0,0,1,0,0,0,0,0,0,0,0,1 1 1 1 1
406,1,0,1,12,0,0,1,0,0,0,0,0,0,0,0,1 1 1 1 1
407,1,0,1,12,0,0,1,0,0,0,0,0,0,0,0,1 1 1 1 1
409,1,0,1,12,0,0,1,0,0,0,0,0,0,0,0,1 1 1 1 1
415,1,0,1,12,0,0,1,0,0,0,0,0,0,0,0,1 1 1 1 1
420,1,0,1,12,0,0,1,0,0,0,0,0,0,0,0,1 1 1 1 1
425,1,0,1,12,0,0,1,0,0,0,0,0,0,0,0,1 1 1 1 1
426,1,0,1,12,0,0,1,0,0,0,0,0,0,0,0,1 1 1 1 1
427,1,0,1,12,0,0,1,0,0,0,0,0,0,0,0,1 1 1 1 1
428,1,0,1,16,0,0,1,0,0,0,0,0,0,0,0,1 1 1 1 1
429,1,0,1,12,0,0,1,0,0,0,0,0,0,0,0,1 1 1 1 1
430,1,0,1,12,0,0,1,0,0,0,0,0,0,0,0,1 1 1 1 1
431,1,0,1,12,0,0,1,0,0,0,0,0,0,0,0,1 1 1 1 1
432,1,0,1,12,0,0,1,0,0,0,0,0,0,0,0,1 1 1 1 1
437,1,0,1,12,0,0,1,0,0,0,0,0,0,0,0,1 1 1 1 1
438,1,0,1,12,0,0,1,0,0,0,0,0,0,0,0,1 1 1 1 1
440,1,0,1,16,0,0,1,0,0,0,0,0,0,0,0,1 1 1 1 1
443,1,0,2,12,1,1,2,1,2,0,0,1,0,2,0,2 1 1 1 1
447,1,0,1,12,0,0,1,0,0,0,0,0,0,0,0,1 1 1 1 1
448,1,0,1,12,0,0,1,0,0,0,0,0,0,0,0,1 1 1 1 1
450,2,1,4,16,16,4,2,4,10,4,4,6,2,24,6,2 1 2 2 2
452,1,0,1,12,0,0,1,0,0,0,0,0,0,0,0,1 1 1 1 1
453,1,0,1,12,0,0,1,0,0,0,0,0,0,0,0,1 1 1 1 1
454,1,0,2,15,4,1,2,1,2,0,0,1,0,2,0,1 1 1 1 2
456,1,0,1,11,0,0,1,0,0,0,0,0,0,0,0,1 1 1 1 1
458,1,0,2,15,8,2,2,2,2,0,0,1,0,2,0,2 1 1 1 2
462,1,0,1,12,0,0,1,0,0,0,0,0,0,0,0,1 1 1 1 1
464,1,0,1,12,0,0,1,0,0,0,0,0,0,0,0,1 1 1 1 1
466,1,0,1,15,0,0,1,0,0,0,0,0,0,0,0,1 1 1 1 1
467,1,0,1,12,0,0,1,0,0,0,0,0,0,0,0,1 1 1 1 1
469,1,0,1,16,0,0,1,0,0,0,0,0,0,0,0,1 1 1 1 1
470,1,0,1,12,0,0,1,0,0,0,0,0,0,0,0,1 1 1 1 1
471,1,0,1,12,0,0,1,0,0,0,0,0,0,0,0,1 1 1 1 1
473,1,0,1,12,0,0,1,0,0,0,0,0,0,0,0,1 1 1 1 1
475,1,0,1,12,0,0,1,0,0,0,0,0,0,0,0,1 1 1 1 1
477,1,0,1,12,0,0,1,0,0,0,0,0,0,0,0,1 1 1 1 1
480,1,0,1,12,0,0,1,0,0,0,0,0,0,0,0,1 1 1 1 1
482,1,0,1,12,0,0,1,0,0,0,0,0,0,0,0,1 1 1 1 1
483,1,0,1,12,0,0,1,0,0,0,0,0,0,0,0,1 1 1 1 1
484,1,0,1,12,0,0,1,0,0,0,0,0,0,0,0,1 1 1 1 1
487,1,0,1,12,0,0,1,0,0,0,0,0,0,0,0,1 1 1 1 1
491,1,0,1,12,0,0,1,0,0,0,0,0,0,0,0,1 1 1 1 1
494,1,0,1,12,0,0,1,0,0,0,0,0,0,0,0,1 1 1 1 1
500,1,0,5,16,11,4,3,5,2,0,0,10,0,20,0,2 1 3 2 2
501,1,0,2,12,3,2,2,2,2,0,0,1,0,2,0,2 1 1 2 1
502,1,0,2,12,3,2,2,2,2,0,0,1,0,2,0,2 1 1 2 1
503,1,0,1,12,0,0,1,0,0,0,0,0,0,0,0,1 1 1 1 1
509,1,0,2,12,2,1,2,1,2,0,0,1,0,2,0,2 1 1 1 1
511,1,0,2,12,2,1,2,1,2,0,0,1,0,2,0,2 1 1 1 1
513,1,0,1,12,0,0,1,0,0,0,0,0,0,0,0,1 1 1 1 1
516,1,0,2,12,1,1,2,1,2,0,0,1,0,2,0,2 1 1 1 1
517,1,0,1,12,0,0,1,0,0,0,0,0,0,0,0,1 1 1 1 1
521,1,0,1,12,0,0,1,0,0,0,0,0,0,0,0,1 1 1 1 1
524,1,0,1,12,0,0,1,0,0,0,0,0,0,0,0,1 1 1 1 1
527,1,0,1,12,0,0,1,0,0,0,0,0,0,0,0,1 1 1 1 1
542,1,0,1,12,0,0,1,0,0,0,0,0,0,0,0,1 1 1 1 1
546,1,0,1,12,0,0,1,0,0,0,0,0,0,0,0,1 1 1 1 1
547,1,0,1,12,0,0,1,0,0,0,0,0,0,0,0,1 1 1 1 1
548,1,0,1,12,0,0,1,0,0,0,0,0,0,0,0,1 1 1 1 1
553,2,1,5,18,10,3,2,3,4,2,2,10,2,26,4,2 1 2 1 2
555,2,1,4,17,17,5,2,5,4,2,2,6,1,14,2,2 2 2 2 2
557,1,0,2,17,4,1,2,1,2,0,0,1,0,2,0,1 1 2 1 1
558,1,0,1,14,0,0,1,0,0,0,0,0,0,0,0,1 1 1 1 1
564,1,0,1,10,0,0,1,0,0,0,0,0,0,0,0,1 1 1 1 1
566,1,0,1,9,0,0,1,0,0,0,0,0,0,0,0,1 1 1 1 1
568,1,0,1,10,0,0,1,0,0,0,0,0,0,0,0,1 1 1 1 1
576,2,1,4,17,17,5,2,5,4,2,2,6,1,14,2,2 2 2 2 2
578,4,1,6,16,16,5,2,5,8,2,2,15,6,54,12,2 2 2 2 2
581,2,1,4,16,13,4,2,4,4,2,2,6,2,18,4,2 2 2 1 2
585,1,0,1,13,0,0,1,0,0,0,0,0,0,0,0,1 1 1 1 1
586,1,0,1,9,0,0,1,0,0,0,0,0,0,0,0,1 1 1 1 1
598,1,0,1,9,0,0,1,0,0,0,0,0,0,0,0,1 1 1 1 1
602,1,0,1,8,0,0,1,0,0,0,0,0,0,0,0,1 1 1 1 1
607,1,0,1,9,0,0,1,0,0,0,0,0,0,0,0,1 1 1 1 1
617,1,0,2,17,4,1,2,1,2,0,0,1,0,2,0,1 1 1 1 2
620,2,1,4,16,13,4,2,4,4,2,2,6,2,18,4,2 1 2 2 2
623,1,0,3,16,10,3,2,3,2,0,0,3,0,6,0,2 1 2 1 2
640,1,0,1,14,0,0,1,0,0,0,0,0,0,0,0,1 1 1 1 1
641,1,0,1,10,0,0,1,0,0,0,0,0,0,0,0,1 1 1 1 1
643,1,0,1,13,0,0,1,0,0,0,0,0,0,0,0,1 1 1 1 1
645,1,0,1,9,0,0,1,0,0,0,0,0,0,0,0,1 1 1 1 1
651,1,0,1,10,0,0,1,0,0,0,0,0,0,0,0,1 1 1 1 1
658,1,0,1,9,0,0,1,0,0,0,0,0,0,0,0,1 1 1 1 1
667,1,0,5,18,4,3,2,3,6,0,0,10,0,28,0,2 2 1 2 1
668,1,0,1,14,0,0,1,0,0,0,0,0,0,0,0,1 1 1 1 1
670,1,0,2,17,1,1,2,1,2,0,0,1,0,2,0,1 2 1 1 1
671,1,0,1,13,0,0,1,0,0,0,0,0,0,0,0,1 1 1 1 1
672,1,0,3,14,10,3,3,4,2,0,0,3,0,6,0,2 3 2 1 1
673,1,0,1,14,0,0,1,0,0,0,0,0,0,0,0,1 1 1 1 1
674,1,0,1,10,0,0,1,0,0,0,0,0,0,0,0,1 1 1 1 1
677,1,0,1,9,0,0,1,0,0,0,0,0,0,0,0,1 1 1 1 1
679,1,0,2,10,4,1,2,1,8,0,0,1,0,8,0,1 1 1 1 2
693,1,0,2,17,1,1,2,1,2,0,0,1,0,2,0,1 1 1 2 1
696,1,0,5,16,16,5,2,5,10,0,0,10,0,28,0,2 2 2 2 2
697,2,1,2,12,5,2,2,2,6,2,2,1,1,6,2,2 2 1 1 1
702,1,0,2,13,7,2,2,2,2,0,0,1,0,2,0,1 2 2 1 1
703,1,0,1,9,0,0,1,0,0,0,0,0,0,0,0,1 1 1 1 1
707,1,0,1,13,0,0,1,0,0,0,0,0,0,0,0,1 1 1 1 1
708,1,0,1,9,0,0,1,0,0,0,0,0,0,0,0,1 1 1 1 1
710,2,1,2,12,5,2,2,2,6,2,2,1,1,6,2,2 1 1 2 1
714,1,0,1,9,0,0,1,0,0,0,0,0,0,0,0,1 1 1 1 1
733,1,0,3,14,10,3,3,4,2,0,0,3,0,6,0,2 1 1 3 2
734,1,0,2,10,4,1,2,1,8,0,0,1,0,8,0,1 1 2 1 1
736,1,0,2,13,7,2,2,2,2,0,0,1,0,2,0,1 1 1 2 2
737,1,0,1,9,0,0,1,0,0,0,0,0,0,0,0,1 1 1 1 1
739,1,0,3,10,8,2,2,2,8,0,0,3,0,24,0,1 1 2 1 2
743,1,0,1,9,0,0,1,0,0,0,0,0,0,0,0,1 1 1 1 1
759,1,0,5,18,16,4,2,4,2,0,0,10,0,20,0,1 2 2 2 2
760,1,0,1,14,0,0,1,0,0,0,0,0,0,0,0,1 1 1 1 1
761,1,0,3,17,8,2,2,2,2,0,0,3,0,6,0,1 1 2 1 2
762,1,0,2,17,8,2,2,2,2,0,0,1,0,2,0,1 2 1 1 2
763,1,0,1,14,0,0,1,0,0,0,0,0,0,0,0,1 1 1 1 1
764,1,0,1,14,0,0,1,0,0,0,0,0,0,0,0,1 1 1 1 1
765,1,0,3,17,8,2,2,2,2,0,0,3,0,6,0,1 1 2 1 2
766,1,0,6,16,14,4,2,4,4,0,0,15,0,32,0,1 2 2 2 2
768,2,1,3,16,7,2,2,2,4,2,2,3,1,8,2,1 2 2 1 1
777,1,0,2,17,8,2,2,2,2,0,0,1,0,2,0,1 1 2 2 1
778,2,1,3,16,7,2,2,2,4,2,2,3,1,8,2,1 1 1 2 2
781,1,0,3,16,8,2,2,2,20,0,0,3,0,36,0,1 1 2 1 2
799,1,0,1,14,0,0,1,0,0,0,0,0,0,0,0,1 1 1 1 1
807,2,1,5,19,11,3,2,3,10,6,6,10,3,28,6,2 1 1 2 2
809,1,0,1,15,0,0,1,0,0,0,0,0,0,0,0,1 1 1 1 1
810,2,1,4,18,14,4,2,4,6,4,4,6,3,20,6,2 1 2 2 2
813,1,0,3,18,7,2,2,2,6,0,0,3,0,10,0,2 1 1 1 2
818,1,0,1,15,0,0,1,0,0,0,0,0,0,0,0,1 1 1 1 1
819,3,1,4,18,10,3,2,3,16,8,8,6,5,40,16,2 1 2 1 2
824,1,0,2,17,7,2,2,2,2,0,0,1,0,2,0,1 2 2 1 1
830,2,1,2,18,7,2,2,2,8,2,2,1,1,8,2,2 1 1 1 2
831,1,0,1,17,0,0,1,0,0,0,0,0,0,0,0,1 1 1 1 1
833,1,0,1,17,0,0,1,0,0,0,0,0,0,0,0,1 1 1 1 1
840,1,0,1,15,0,0,1,0,0,0,0,0,0,0,0,1 1 1 1 1
850,1,0,2,18,14,4,2,4,2,0,0,1,0,2,0,2 2 2 1 2
860,1,0,2,16,4,1,2,1,4,0,0,1,0,4,0,1 1 1 1 2
863,1,0,3,16,9,3,2,3,2,0,0,3,0,6,0,2 2 2 1 1
875,1,0,1,9,0,0,1,0,0,0,0,0,0,0,0,1 1 1 1 1
876,1,0,5,17,10,3,2,3,4,0,0,10,0,22,0,2 2 1 1 2
878,1,0,2,16,3,1,2,1,2,0,0,1,0,2,0,2 1 1 1 1
891,1,0,1,14,0,0,1,0,0,0,0,0,0,0,0,1 1 1 1 1
900,1,0,1,9,0,0,1,0,0,0,0,0,0,0,0,1 1 1 1 1
906,1,0,1,10,0,0,1,0,0,0,0,0,0,0,0,1 1 1 1 1
907,2,1,3,17,7,2,2,2,8,4,4,3,1,12,4,2 1 1 1 2
909,1,0,2,17,3,1,2,1,2,0,0,1,0,2,0,2 1 1 1 1
918,1,0,2,17,7,2,2,2,2,0,0,1,0,2,0,2 1 1 1 2
924,1,0,1,13,0,0,1,0,0,0,0,0,0,0,0,1 1 1 1 1
927,1,0,1,16,0,0,1,0,0,0,0,0,0,0,0,1 1 1 1 1
966,1,0,1,11,0,0,1,0,0,0,0,0,0,0,0,1 1 1 1 1
972,1,0,1,13,0,0,1,0,0,0,0,0,0,0,0,1 1 1 1 1
1026,1,0,1,14,0,0,1,0,0,0,0,0,0,0,0,1 1 1 1 1
1030,1,0,1,11,0,0,1,0,0,0,0,0,0,0,0,1 1 1 1 1
1035,1,0,1,9,0,0,1,0,0,0,0,0,0,0,0,1 1 1 1 1
1039,1,0,1,10,0,0,1,0,0,0,0,0,0,0,0,1 1 1 1 1
1046,1,0,1,10,0,0,1,0,0,0,0,0,0,0,0,1 1 1 1 1
1054,3,1,12,16,16,4,3,5,32,28,28,66,13,438,88,1 3 2 2 2
1055,1,0,7,12,12,3,2,3,8,0,0,21,0,168,0,1 2 2 2 1
1056,1,0,1,12,0,0,1,0,0,0,0,0,0,0,0,1 1 1 1 1
1057,1,0,1,12,0,0,1,0,0,0,0,0,0,0,0,1 1 1 1 1
1061,1,0,7,12,12,3,2,3,8,0,0,21,0,168,0,1 2 2 1 2
1063,1,0,1,12,0,0,1,0,0,0,0,0,0,0,0,1 1 1 1 1
1064,1,0,1,8,0,0,1,0,0,0,0,0,0,0,0,1 1 1 1 1
1065,1,0,1,12,0,0,1,0,0,0,0,0,0,0,0,1 1 1 1 1
1075,1,0,7,12,12,3,2,3,8,0,0,21,0,168,0,1 2 1 2 2
1086,1,0,1,12,0,0,1,0,0,0,0,0,0,0,0,1 1 1 1 1
1087,1,0,1,8,0,0,1,0,0,0,0,0,0,0,0,1 1 1 1 1
1089,1,0,1,8,0,0,1,0,0,0,0,0,0,0,0,1 1 1 1 1
1091,1,0,1,12,0,0,1,0,0,0,0,0,0,0,0,1 1 1 1 1
1126,1,0,7,12,12,3,2,3,8,0,0,21,0,168,0,1 1 2 2 2
1157,1,0,1,12,0,0,1,0,0,0,0,0,0,0,0,1 1 1 1 1
1159,1,0,1,11,0,0,1,0,0,0,0,0,0,0,0,1 1 1 1 1
1184,1,0,1,12,0,0,1,0,0,0,0,0,0,0,0,1 1 1 1 1
1185,1,0,1,8,0,0,1,0,0,0,0,0,0,0,0,1 1 1 1 1
1187,1,0,1,8,0,0,1,0,0,0,0,0,0,0,0,1 1 1 1 1
1191,1,0,1,8,0,0,1,0,0,0,0,0,0,0,0,1 1 1 1 1
1202,1,0,1,12,0,0,1,0,0,0,0,0,0,0,0,1 1 1 1 1
1205,1,0,1,16,0,0,1,0,0,0,0,0,0,0,0,1 1 1 1 1
1206,1,0,1,12,0,0,1,0,0,0,0,0,0,0,0,1 1 1 1 1
1212,1,0,1,12,0,0,1,0,0,0,0,0,0,0,0,1 1 1 1 1
1272,1,0,5,16,8,2,3,4,4,0,0,10,0,32,0,1 3 1 3 1
1273,2,1,5,12,6,3,2,3,10,2,2,10,1,32,2,1 2 2 2 1
1274,1,0,2,12,2,2,2,2,4,0,0,1,0,4,0,1 2 1 2 1
1275,1,0,4,15,11,3,3,4,2,0,0,6,0,12,0,1 3 1 2 2
1276,1,0,2,11,4,1,2,1,8,0,0,1,0,8,0,1 1 2 1 1
1278,1,0,3,12,5,2,2,2,8,0,0,3,0,16,0,1 2 2 1 1
1279,1,0,2,12,1,1,2,1,4,0,0,1,0,4,0,1 2 1 1 1
1280,2,1,5,12,6,3,2,3,10,2,2,10,1,32,2,1 2 1 2 2
1281,1,0,2,11,4,1,2,1,8,0,0,1,0,8,0,1 1 1 1 2
1282,1,0,2,12,2,2,2,2,4,0,0,1,0,4,0,1 2 1 2 1
1284,1,0,4,15,11,3,3,4,2,0,0,6,0,12,0,1 2 2 3 1
1285,1,0,2,11,4,1,2,1,8,0,0,1,0,8,0,1 1 2 1 1
1287,1,0,3,14,14,4,2,4,2,0,0,3,0,6,0,1 2 2 2 2
1288,1,0,1,10,0,0,1,0,0,0,0,0,0,0,0,1 1 1 1 1
1290,1,0,2,11,4,1,2,1,8,0,0,1,0,8,0,1 1 2 1 1
1293,1,0,2,11,4,1,2,1,8,0,0,1,0,8,0,1 1 1 1 2
1294,1,0,1,10,0,0,1,0,0,0,0,0,0,0,0,1 1 1 1 1
1308,1,0,3,12,5,2,2,2,8,0,0,3,0,16,0,1 1 1 2 2
1309,1,0,2,11,4,1,2,1,8,0,0,1,0,8,0,1 1 1 1 2
1316,1,0,2,12,1,1,2,1,4,0,0,1,0,4,0,1 1 1 2 1
1318,2,1,14,19,19,5,3,8,6,4,4,91,4,194,8,2 3 3 3 2
1319,1,0,1,15,0,0,1,0,0,0,0,0,0,0,0,1 1 1 1 1
1320,2,1,6,18,15,5,3,6,4,2,2,15,1,32,2,2 2 3 2 2
1324,2,1,4,15,11,3,3,4,4,2,2,6,1,14,2,2 2 3 1 1
1329,3,1,12,18,15,5,3,6,14,8,8,66,14,190,28,2 3 2 2 2
1330,1,0,1,14,0,0,1,0,0,0,0,0,0,0,0,1 1 1 1 1
1332,1,0,4,17,13,4,3,5,4,0,0,6,0,14,0,2 3 2 2 1
1333,1,0,1,13,0,0,1,0,0,0,0,0,0,0,0,1 1 1 1 1
1339,1,0,3,14,7,3,2,3,4,0,0,3,0,8,0,2 2 2 1 1
1340,1,0,1,10,0,0,1,0,0,0,0,0,0,0,0,1 1 1 1 1
1345,1,0,1,11,0,0,1,0,0,0,0,0,0,0,0,1 1 1 1 1
1347,1,0,1,11,0,0,1,0,0,0,0,0,0,0,0,1 1 1 1 1
1353,1,0,3,15,11,3,3,4,2,0,0,3,0,6,0,2 3 1 1 2
1354,1,0,1,11,0,0,1,0,0,0,0,0,0,0,0,1 1 1 1 1
1355,1,0,2,14,7,2,2,2,2,0,0,1,0,2,0,2 1 1 1 2
1356,1,0,1,10,0,0,1,0,0,0,0,0,0,0,0,1 1 1 1 1
1359,1,0,1,11,0,0,1,0,0,0,0,0,0,0,0,1 1 1 1 1
1372,1,0,5,18,18,5,3,7,2,0,0,10,0,20,0,2 2 3 3 2
1374,3,1,5,17,14,4,3,5,8,4,4,10,4,40,12,2 1 3 2 2
1378,1,0,1,14,0,0,1,0,0,0,0,0,0,0,0,1 1 1 1 1
1379,1,0,1,10,0,0,1,0,0,0,0,0,0,0,0,1 1 1 1 1
1384,1,0,1,16,0,0,1,0,0,0,0,0,0,0,0,1 1 1 1 1
1385,1,0,1,12,0,0,1,0,0,0,0,0,0,0,0,1 1 1 1 1
1392,1,0,1,13,0,0,1,0,0,0,0,0,0,0,0,1 1 1 1 1
1406,1,0,1,14,0,0,1,0,0,0,0,0,0,0,0,1 1 1 1 1
1407,1,0,1,10,0,0,1,0,0,0,0,0,0,0,0,1 1 1 1 1
1409,1,0,1,13,0,0,1,0,0,0,0,0,0,0,0,1 1 1 1 1
1413,1,0,1,10,0,0,1,0,0,0,0,0,0,0,0,1 1 1 1 1
1445,1,0,1,11,0,0,1,0,0,0,0,0,0,0,0,1 1 1 1 1
1475,1,0,1,15,0,0,1,0,0,0,0,0,0,0,0,1 1 1 1 1
1478,1,0,2,14,3,1,2,1,2,0,0,1,0,2,0,2 1 1 1 1
1479,1,0,1,10,0,0,1,0,0,0,0,0,0,0,0,1 1 1 1 1
1484,1,0,2,11,3,1,2,1,2,0,0,1,0,2,0,2 1 1 1 1
1488,1,0,1,14,0,0,1,0,0,0,0,0,0,0,0,1 1 1 1 1
1489,1,0,1,10,0,0,1,0,0,0,0,0,0,0,0,1 1 1 1 1
1491,1,0,2,13,3,1,2,1,2,0,0,1,0,2,0,2 1 1 1 1
1497,1,0,1,10,0,0,1,0,0,0,0,0,0,0,0,1 1 1 1 1
1502,1,0,1,11,0,0,1,0,0,0,0,0,0,0,0,1 1 1 1 1
1504,1,0,1,10,0,0,1,0,0,0,0,0,0,0,0,1 1 1 1 1
1535,1,0,1,11,0,0,1,0,0,0,0,0,0,0,0,1 1 1 1 1
1541,1,0,1,16,0,0,1,0,0,0,0,0,0,0,0,1 1 1 1 1
1542,1,0,1,12,0,0,1,0,0,0,0,0,0,0,0,1 1 1 1 1
1543,1,0,1,12,0,0,1,0,0,0,0,0,0,0,0,1 1 1 1 1
1546,1,0,1,11,0,0,1,0,0,0,0,0,0,0,0,1 1 1 1 1
1547,1,0,1,12,0,0,1,0,0,0,0,0,0,0,0,1 1 1 1 1
1549,1,0,1,12,0,0,1,0,0,0,0,0,0,0,0,1 1 1 1 1
1554,1,0,1,12,0,0,1,0,0,0,0,0,0,0,0,1 1 1 1 1
1557,1,0,1,11,0,0,1,0,0,0,0,0,0,0,0,1 1 1 1 1
1566,1,0,1,12,0,0,1,0,0,0,0,0,0,0,0,1 1 1 1 1
1584,1,0,1,11,0,0,1,0,0,0,0,0,0,0,0,1 1 1 1 1
1632,2,1,6,16,16,4,3,5,30,16,16,15,4,82,16,1 2 2 3 2
1633,1,0,1,12,0,0,1,0,0,0,0,0,0,0,0,1 1 1 1 1
1634,1,0,1,12,0,0,1,0,0,0,0,0,0,0,0,1 1 1 1 1
1635,1,0,1,12,0,0,1,0,0,0,0,0,0,0,0,1 1 1 1 1
1636,1,0,1,12,0,0,1,0,0,0,0,0,0,0,0,1 1 1 1 1
1638,1,0,2,12,1,1,2,1,2,0,0,1,0,2,0,1 1 2 1 1
1639,1,0,1,8,0,0,1,0,0,0,0,0,0,0,0,1 1 1 1 1
1642,1,0,1,12,0,0,1,0,0,0,0,0,0,0,0,1 1 1 1 1
1644,1,0,1,12,0,0,1,0,0,0,0,0,0,0,0,1 1 1 1 1
1647,1,0,1,12,0,0,1,0,0,0,0,0,0,0,0,1 1 1 1 1
1651,1,0,1,12,0,0,1,0,0,0,0,0,0,0,0,1 1 1 1 1
1652,1,0,1,8,0,0,1,0,0,0,0,0,0,0,0,1 1 1 1 1
1655,1,0,1,8,0,0,1,0,0,0,0,0,0,0,0,1 1 1 1 1
1661,1,0,1,12,0,0,1,0,0,0,0,0,0,0,0,1 1 1 1 1
1667,1,0,1,12,0,0,1,0,0,0,0,0,0,0,0,1 1 1 1 1
1672,1,0,1,12,0,0,1,0,0,0,0,0,0,0,0,1 1 1 1 1
1675,1,0,1,12,0,0,1,0,0,0,0,0,0,0,0,1 1 1 1 1
1676,1,0,1,8,0,0,1,0,0,0,0,0,0,0,0,1 1 1 1 1
1679,1,0,1,8,0,0,1,0,0,0,0,0,0,0,0,1 1 1 1 1
1685,1,0,1,8,0,0,1,0,0,0,0,0,0,0,0,1 1 1 1 1
1695,1,0,1,12,0,0,1,0,0,0,0,0,0,0,0,1 1 1 1 1
1703,1,0,1,12,0,0,1,0,0,0,0,0,0,0,0,1 1 1 1 1
1706,1,0,1,12,0,0,1,0,0,0,0,0,0,0,0,1 1 1 1 1
1713,1,0,1,12,0,0,1,0,0,0,0,0,0,0,0,1 1 1 1 1
1715,1,0,1,12,0,0,1,0,0,0,0,0,0,0,0,1 1 1 1 1
1717,1,0,1,12,0,0,1,0,0,0,0,0,0,0,0,1 1 1 1 1
1725,1,0,5,16,16,4,2,4,4,0,0,10,0,22,0,1 2 2 2 2
1726,1,0,1,12,0,0,1,0,0,0,0,0,0,0,0,1 1 1 1 1
1727,1,0,1,12,0,0,1,0,0,0,0,0,0,0,0,1 1 1 1 1
1728,1,0,1,12,0,0,1,0,0,0,0,0,0,0,0,1 1 1 1 1
1729,1,0,1,15,0,0,1,0,0,0,0,0,0,0,0,1 1 1 1 1
1730,1,0,1,11,0,0,1,0,0,0,0,0,0,0,0,1 1 1 1 1
1732,1,0,1,15,0,0,1,0,0,0,0,0,0,0,0,1 1 1 1 1
1733,1,0,1,12,0,0,1,0,0,0,0,0,0,0,0,1 1 1 1 1
1734,1,0,1,12,0,0,1,0,0,0,0,0,0,0,0,1 1 1 1 1
1735,1,0,1,12,0,0,1,0,0,0,0,0,0,0,0,1 1 1 1 1
1737,1,0,1,12,0,0,1,0,0,0,0,0,0,0,0,1 1 1 1 1
1738,1,0,1,11,0,0,1,0,0,0,0,0,0,0,0,1 1 1 1 1
1739,1,0,1,12,0,0,1,0,0,0,0,0,0,0,0,1 1 1 1 1
1741,1,0,1,15,0,0,1,0,0,0,0,0,0,0,0,1 1 1 1 1
1743,1,0,1,11,0,0,1,0,0,0,0,0,0,0,0,1 1 1 1 1
1745,1,0,1,14,0,0,1,0,0,0,0,0,0,0,0,1 1 1 1 1
1746,1,0,1,10,0,0,1,0,0,0,0,0,0,0,0,1 1 1 1 1
1748,1,0,1,14,0,0,1,0,0,0,0,0,0,0,0,1 1 1 1 1
1751,1,0,1,11,0,0,1,0,0,0,0,0,0,0,0,1 1 1 1 1
1756,1,0,1,11,0,0,1,0,0,0,0,0,0,0,0,1 1 1 1 1
1757,1,0,1,10,0,0,1,0,0,0,0,0,0,0,0,1 1 1 1 1
1763,1,0,1,15,0,0,1,0,0,0,0,0,0,0,0,1 1 1 1 1
1764,1,0,1,14,0,0,1,0,0,0,0,0,0,0,0,1 1 1 1 1
1790,1,0,1,12,0,0,1,0,0,0,0,0,0,0,0,1 1 1 1 1
1791,1,0,1,11,0,0,1,0,0,0,0,0,0,0,0,1 1 1 1 1
1796,1,0,1,12,0,0,1,0,0,0,0,0,0,0,0,1 1 1 1 1
1798,1,0,2,19,4,1,2,1,2,0,0,1,0,2,0,1 1 2 1 1
1799,1,0,2,18,7,2,2,2,2,0,0,1,0,2,0,1 1 1 2 2
1801,1,0,2,18,4,1,2,1,2,0,0,1,0,2,0,1 1 1 1 2
1802,1,0,3,18,7,2,2,2,2,0,0,3,0,6,0,1 1 2 1 2
1804,2,1,3,17,6,2,2,2,4,2,2,3,1,8,2,1 1 2 2 1
1806,1,0,3,17,7,2,2,2,6,0,0,3,0,10,0,1 1 2 1 2
1810,2,1,2,18,4,1,2,1,4,2,2,1,1,4,2,1 1 1 1 2
1813,1,0,2,17,7,2,2,2,2,0,0,1,0,2,0,1 1 1 2 2
1816,1,0,1,17,0,0,1,0,0,0,0,0,0,0,0,1 1 1 1 1
1834,1,0,1,18,0,0,1,0,0,0,0,0,0,0,0,1 1 1 1 1
1835,1,0,2,17,4,1,2,1,2,0,0,1,0,2,0,1 1 1 1 2
1836,1,0,2,17,7,2,2,2,2,0,0,1,0,2,0,1 2 1 1 2
1838,1,0,1,17,0,0,1,0,0,0,0,0,0,0,0,1 1 1 1 1
1839,1,0,1,16,0,0,1,0,0,0,0,0,0,0,0,1 1 1 1 1
1841,1,0,1,16,0,0,1,0,0,0,0,0,0,0,0,1 1 1 1 1
1851,1,0,2,17,4,1,2,1,4,0,0,1,0,4,0,1 1 1 1 2
1853,1,0,2,16,10,3,2,3,2,0,0,1,0,2,0,1 2 1 2 2
1856,1,0,2,16,4,1,2,1,14,0,0,1,0,14,0,1 1 1 1 2
1886,1,0,1,18,0,0,1,0,0,0,0,0,0,0,0,1 1 1 1 1
1887,2,1,2,17,4,1,2,1,4,2,2,1,1,4,2,1 1 1 1 2
1888,1,0,1,17,0,0,1,0,0,0,0,0,0,0,0,1 1 1 1 1
1892,1,0,1,17,0,0,1,0,0,0,0,0,0,0,0,1 1 1 1 1
1893,1,0,1,16,0,0,1,0,0,0,0,0,0,0,0,1 1 1 1 1
1895,1,0,2,16,4,1,2,1,14,0,0,1,0,14,0,1 1 1 1 2
1904,1,0,1,17,0,0,1,0,0,0,0,0,0,0,0,1 1 1 1 1
1906,1,0,1,16,0,0,1,0,0,0,0,0,0,0,0,1 1 1 1 1
1909,1,0,2,16,4,1,2,1,22,0,0,1,0,22,0,1 1 1 1 2
1947,1,0,1,13,0,0,1,0,0,0,0,0,0,0,0,1 1 1 1 1
1964,1,0,1,16,0,0,1,0,0,0,0,0,0,0,0,1 1 1 1 1
1965,1,0,1,12,0,0,1,0,0,0,0,0,0,0,0,1 1 1 1 1
1966,1,0,1,12,0,0,1,0,0,0,0,0,0,0,0,1 1 1 1 1
1967,1,0,1,12,0,0,1,0,0,0,0,0,0,0,0,1 1 1 1 1
1969,1,0,1,12,0,0,1,0,0,0,0,0,0,0,0,1 1 1 1 1
1989,1,0,1,12,0,0,1,0,0,0,0,0,0,0,0,1 1 1 1 1
2040,1,0,1,14,0,0,1,0,0,0,0,0,0,0,0,1 1 1 1 1
2068,1,0,1,12,0,0,1,0,0,0,0,0,0,0,0,1 1 1 1 1
2111,1,0,2,16,4,1,2,1,2,0,0,1,0,2,0,1 1 1 1 2
2112,1,0,1,12,0,0,1,0,0,0,0,0,0,0,0,1 1 1 1 1
2113,1,0,1,15,0,0,1,0,0,0,0,0,0,0,0,1 1 1 1 1
2120,1,0,1,12,0,0,1,0,0,0,0,0,0,0,0,1 1 1 1 1
2121,1,0,1,12,0,0,1,0,0,0,0,0,0,0,0,1 1 1 1 1
2133,1,0,1,12,0,0,1,0,0,0,0,0,0,0,0,1 1 1 1 1
2138,1,0,1,12,0,0,1,0,0,0,0,0,0,0,0,1 1 1 1 1
2140,1,0,16,16,16,4,2,4,32,0,0,120,0,1000,0,1 2 2 2 2
2141,1,0,1,12,0,0,1,0,0,0,0,0,0,0,0,1 1 1 1 1
2142,1,0,1,12,0,0,1,0,0,0,0,0,0,0,0,1 1 1 1 1
2143,1,0,1,12,0,0,1,0,0,0,0,0,0,0,0,1 1 1 1 1
2145,1,0,1,12,0,0,1,0,0,0,0,0,0,0,0,1 1 1 1 1
2147,1,0,1,12,0,0,1,0,0,0,0,0,0,0,0,1 1 1 1 1
2148,1,0,1,12,0,0,1,0,0,0,0,0,0,0,0,1 1 1 1 1
2150,1,0,1,12,0,0,1,0,0,0,0,0,0,0,0,1 1 1 1 1
2152,1,0,1,12,0,0,1,0,0,0,0,0,0,0,0,1 1 1 1 1
2154,1,0,1,12,0,0,1,0,0,0,0,0,0,0,0,1 1 1 1 1
2155,1,0,1,12,0,0,1,0,0,0,0,0,0,0,0,1 1 1 1 1
2158,1,0,1,12,0,0,1,0,0,0,0,0,0,0,0,1 1 1 1 1
2160,1,0,1,12,0,0,1,0,0,0,0,0,0,0,0,1 1 1 1 1
2161,1,0,1,12,0,0,1,0,0,0,0,0,0,0,0,1 1 1 1 1
2162,1,0,1,12,0,0,1,0,0,0,0,0,0,0,0,1 1 1 1 1
2166,1,0,1,12,0,0,1,0,0,0,0,0,0,0,0,1 1 1 1 1
2169,1,0,1,12,0,0,1,0,0,0,0,0,0,0,0,1 1 1 1 1
2172,1,0,4,16,10,4,2,4,2,0,0,6,0,12,0,1 2 2 2 2
2175,1,0,2,12,2,2,2,2,2,0,0,1,0,2,0,1 2 1 2 1
2176,1,0,1,12,0,0,1,0,0,0,0,0,0,0,0,1 1 1 1 1
2180,1,0,2,12,1,1,2,1,2,0,0,1,0,2,0,1 2 1 1 1
2181,1,0,1,12,0,0,1,0,0,0,0,0,0,0,0,1 1 1 1 1
2186,1,0,2,12,2,2,2,2,2,0,0,1,0,2,0,1 2 1 2 1
2188,1,0,1,12,0,0,1,0,0,0,0,0,0,0,0,1 1 1 1 1
2203,1,0,2,12,1,1,2,1,2,0,0,1,0,2,0,1 1 1 2 1
2205,1,0,1,12,0,0,1,0,0,0,0,0,0,0,0,1 1 1 1 1
2208,3,1,6,16,16,4,3,6,6,2,2,15,3,38,6,1 3 3 2 2
2209,1,0,2,15,7,2,2,2,2,0,0,1,0,2,0,1 1 1 2 2
2214,1,0,6,15,12,4,3,5,4,0,0,15,0,32,0,1 2 2 3 2
2215,1,0,1,11,0,0,1,0,0,0,0,0,0,0,0,1 1 1 1 1
2216,1,0,1,14,0,0,1,0,0,0,0,0,0,0,0,1 1 1 1 1
2217,1,0,1,10,0,0,1,0,0,0,0,0,0,0,0,1 1 1 1 1
2219,1,0,1,11,0,0,1,0,0,0,0,0,0,0,0,1 1 1 1 1
2235,1,0,1,12,0,0,1,0,0,0,0,0,0,0,0,1 1 1 1 1
2237,1,0,1,11,0,0,1,0,0,0,0,0,0,0,0,1 1 1 1 1
2242,1,0,2,14,3,1,2,1,2,0,0,1,0,2,0,1 1 1 2 1
2243,1,0,1,10,0,0,1,0,0,0,0,0,0,0,0,1 1 1 1 1
2246,1,0,1,11,0,0,1,0,0,0,0,0,0,0,0,1 1 1 1 1
2248,1,0,1,14,0,0,1,0,0,0,0,0,0,0,0,1 1 1 1 1
2249,1,0,1,10,0,0,1,0,0,0,0,0,0,0,0,1 1 1 1 1
2250,1,0,1,13,0,0,1,0,0,0,0,0,0,0,0,1 1 1 1 1
2251,1,0,1,9,0,0,1,0,0,0,0,0,0,0,0,1 1 1 1 1
2256,1,0,1,10,0,0,1,0,0,0,0,0,0,0,0,1 1 1 1 1
2269,1,0,1,11,0,0,1,0,0,0,0,0,0,0,0,1 1 1 1 1
2271,1,0,1,10,0,0,1,0,0,0,0,0,0,0,0,1 1 1 1 1
2297,1,0,1,11,0,0,1,0,0,0,0,0,0,0,0,1 1 1 1 1
2301,1,0,1,11,0,0,1,0,0,0,0,0,0,0,0,1 1 1 1 1
2303,1,0,1,10,0,0,1,0,0,0,0,0,0,0,0,1 1 1 1 1
2316,1,0,2,16,4,1,2,1,2,0,0,1,0,2,0,1 2 1 1 1
2318,1,0,1,12,0,0,1,0,0,0,0,0,0,0,0,1 1 1 1 1
2319,1,0,2,12,1,1,2,1,2,0,0,1,0,2,0,1 1 1 2 1
2321,1,0,1,11,0,0,1,0,0,0,0,0,0,0,0,1 1 1 1 1
2325,1,0,1,12,0,0,1,0,0,0,0,0,0,0,0,1 1 1 1 1
2327,1,0,1,12,0,0,1,0,0,0,0,0,0,0,0,1 1 1 1 1
2338,1,0,2,12,1,1,2,1,2,0,0,1,0,2,0,1 2 1 1 1
2343,1,0,1,12,0,0,1,0,0,0,0,0,0,0,0,1 1 1 1 1
2344,1,0,1,12,0,0,1,0,0,0,0,0,0,0,0,1 1 1 1 1
2349,1,0,1,12,0,0,1,0,0,0,0,0,0,0,0,1 1 1 1 1
2359,1,0,1,16,0,0,1,0,0,0,0,0,0,0,0,1 1 1 1 1
2360,1,0,1,12,0,0,1,0,0,0,0,0,0,0,0,1 1 1 1 1
2361,1,0,1,12,0,0,1,0,0,0,0,0,0,0,0,1 1 1 1 1
2362,1,0,1,12,0,0,1,0,0,0,0,0,0,0,0,1 1 1 1 1
2365,1,0,1,12,0,0,1,0,0,0,0,0,0,0,0,1 1 1 1 1
2368,1,0,1,12,0,0,1,0,0,0,0,0,0,0,0,1 1 1 1 1
2369,1,0,1,12,0,0,1,0,0,0,0,0,0,0,0,1 1 1 1 1
2373,1,0,1,12,0,0,1,0,0,0,0,0,0,0,0,1 1 1 1 1
2379,1,0,1,12,0,0,1,0,0,0,0,0,0,0,0,1 1 1 1 1
2380,1,0,1,12,0,0,1,0,0,0,0,0,0,0,0,1 1 1 1 1
2385,1,0,1,12,0,0,1,0,0,0,0,0,0,0,0,1 1 1 1 1
2395,1,0,1,12,0,0,1,0,0,0,0,0,0,0,0,1 1 1 1 1
2396,1,0,1,12,0,0,1,0,0,0,0,0,0,0,0,1 1 1 1 1
2420,1,0,1,16,0,0,1,0,0,0,0,0,0,0,0,1 1 1 1 1
2425,1,0,1,15,0,0,1,0,0,0,0,0,0,0,0,1 1 1 1 1
2435,1,0,1,15,0,0,1,0,0,0,0,0,0,0,0,1 1 1 1 1
2437,1,0,2,13,4,1,2,1,2,0,0,1,0,2,0,1 1 1 1 2
2438,1,0,1,9,0,0,1,0,0,0,0,0,0,0,0,1 1 1 1 1
2441,1,0,1,10,0,0,1,0,0,0,0,0,0,0,0,1 1 1 1 1
2454,1,0,1,10,0,0,1,0,0,0,0,0,0,0,0,1 1 1 1 1
2474,1,0,1,12,0,0,1,0,0,0,0,0,0,0,0,1 1 1 1 1
2484,1,0,1,10,0,0,1,0,0,0,0,0,0,0,0,1 1 1 1 1
2498,1,0,1,12,0,0,1,0,0,0,0,0,0,0,0,1 1 1 1 1
2502,1,0,5,16,16,4,2,4,2,0,0,10,0,20,0,1 2 2 2 2
2503,1,0,1,12,0,0,1,0,0,0,0,0,0,0,0,1 1 1 1 1
2504,1,0,1,12,0,0,1,0,0,0,0,0,0,0,0,1 1 1 1 1
2505,1,0,1,12,0,0,1,0,0,0,0,0,0,0,0,1 1 1 1 1
2506,1,0,1,12,0,0,1,0,0,0,0,0,0,0,0,1 1 1 1 1
2507,1,0,1,12,0,0,1,0,0,0,0,0,0,0,0,1 1 1 1 1
2508,1,0,1,12,0,0,1,0,0,0,0,0,0,0,0,1 1 1 1 1
2509,1,0,1,12,0,0,1,0,0,0,0,0,0,0,0,1 1 1 1 1
2510,1,0,1,12,0,0,1,0,0,0,0,0,0,0,0,1 1 1 1 1
2511,1,0,1,12,0,0,1,0,0,0,0,0,0,0,0,1 1 1 1 1
2512,1,0,1,12,0,0,1,0,0,0,0,0,0,0,0,1 1 1 1 1
2513,1,0,1,12,0,0,1,0,0,0,0,0,0,0,0,1 1 1 1 1
2514,1,0,1,12,0,0,1,0,0,0,0,0,0,0,0,1 1 1 1 1
2515,1,0,2,16,1,1,2,1,2,0,0,1,0,2,0,1 2 1 1 1
2516,1,0,1,12,0,0,1,0,0,0,0,0,0,0,0,1 1 1 1 1
2524,1,0,1,11,0,0,1,0,0,0,0,0,0,0,0,1 1 1 1 1
2528,1,0,1,12,0,0,1,0,0,0,0,0,0,0,0,1 1 1 1 1
2534,1,0,1,12,0,0,1,0,0,0,0,0,0,0,0,1 1 1 1 1
