future_id,chi,vertex_id,field_neg,field_zero,field_pos,field_sum,field_abs_sum,field_asym_l1,field_distinct,observed_actions,distinct_next_futures
0,7,0,20,0,0,-20,20,0,1,32,16
0,7,1,16,4,0,-16,16,4,2,14,7
0,7,6,19,1,0,-19,19,1,2,8,4
0,7,12,16,4,0,-16,16,4,2,8,4
0,7,13,12,8,0,-12,12,6,2,8,4
0,7,62,19,1,0,-19,19,1,2,6,3
0,7,86,16,4,0,-16,16,4,2,8,4
0,7,87,12,8,0,-12,12,6,2,8,4
0,7,96,12,8,0,-12,12,6,2,8,4
0,7,199,19,1,0,-19,19,1,2,12,6
0,7,202,18,2,0,-18,18,2,2,6,3
0,7,219,15,5,0,-15,15,3,2,4,2
0,7,304,16,4,0,-16,16,4,2,8,4
0,7,305,12,8,0,-12,12,6,2,8,4
0,7,308,15,5,0,-15,15,5,2,2,1
0,7,311,12,8,0,-12,12,6,2,8,4
0,7,324,12,8,0,-12,12,6,2,8,4
0,7,325,8,12,0,-8,8,6,2,8,4
0,7,328,8,12,0,-8,8,6,2,8,4
0,7,329,4,16,0,-4,4,4,2,14,7
0,7,553,18,2,0,-18,18,2,2,6,3
0,7,555,17,3,0,-17,17,3,2,4,2
0,7,576,17,3,0,-17,17,3,2,4,2
0,7,578,16,4,0,-16,16,4,2,4,2
0,7,807,19,1,0,-19,19,1,2,6,3
0,7,810,18,2,0,-18,18,2,2,8,4
0,7,819,18,2,0,-18,18,2,2,4,2
0,7,850,18,2,0,-18,18,2,2,4,2
0,7,860,16,4,0,-16,16,4,2,4,2
0,7,1054,16,4,0,-16,16,4,2,6,3
0,7,1055,12,8,0,-12,12,6,2,10,5
0,7,1061,12,8,0,-12,12,6,2,8,4
0,7,1062,8,12,0,-8,8,6,2,8,4
0,7,1075,12,8,0,-12,12,6,2,8,4
0,7,1079,8,12,0,-8,8,6,2,8,4
0,7,1080,4,16,0,-4,4,4,2,2,1
0,7,1094,11,9,0,-11,11,7,2,4,2
0,7,1126,12,8,0,-12,12,6,2,12,6
0,7,1127,8,12,0,-8,8,6,2,8,4
0,7,1129,11,9,0,-11,11,7,2,4,2
0,7,1134,4,16,0,-4,4,4,2,2,1
0,7,1142,4,16,0,-4,4,4,2,2,1
0,7,1143,4,16,0,-4,4,4,2,2,1
0,7,1144,0,20,0,0,0,0,1,32,16
1,3,2,16,0,4,-12,20,8,2,32,16
1,3,8,15,1,4,-11,19,7,3,10,5
1,3,88,12,4,4,-8,16,10,3,6,3
1,3,200,15,1,4,-11,19,9,3,4,2
1,3,306,12,4,4,-8,16,10,3,2,1
1,3,589,9,7,4,-5,13,7,3,2,1
1,3,593,8,8,4,-4,12,6,3,4,2
1,3,809,15,1,4,-11,19,9,3,4,2
1,3,828,10,6,4,-6,14,10,3,4,2
1,3,1056,12,4,4,-8,16,10,3,6,3
1,3,1128,8,8,4,-4,12,10,3,2,1
2,2,3,16,0,4,-8,24,12,2,8,4
2,2,15,12,4,4,-4,20,14,3,6,3
2,2,89,12,4,4,-4,20,14,3,6,3
2,2,222,11,5,4,-3,19,13,3,2,1
2,2,226,10,6,4,-2,18,12,3,2,1
2,2,307,12,4,4,-4,20,14,3,6,3
2,2,590,9,7,4,-1,17,11,3,2,1
2,2,1057,12,4,4,-4,20,14,3,6,3
11,2,21,16,3,1,-13,19,7,3,10,5
11,2,100,12,7,1,-9,15,9,3,12,6
11,2,315,12,7,1,-9,15,9,3,4,2
11,2,1147,4,15,1,-1,7,7,3,2,1
12,2,23,16,0,4,-12,20,8,2,32,16
12,2,24,12,4,4,-8,16,10,3,4,2
12,2,316,12,4,4,-8,16,10,3,2,1
12,2,322,11,5,4,-7,15,9,3,6,3
12,2,1063,12,4,4,-8,16,10,3,6,3
21,2,34,16,0,4,-9,23,11,3,12,6
21,2,105,12,4,4,-5,19,13,4,8,4
21,2,585,13,3,4,-6,20,14,4,10,5
21,2,596,9,7,4,-2,16,12,4,4,2
21,2,818,15,1,4,-8,22,12,4,2,1
21,2,942,11,5,4,-4,18,12,4,2,1
21,2,1138,8,8,4,-1,15,13,4,4,2
34,2,47,16,0,4,-5,27,15,3,8,4
34,2,48,12,4,4,-1,23,17,4,10,5
34,2,107,12,4,4,-1,23,17,4,8,4
34,2,1148,4,12,4,7,15,15,4,2,1
86,2,122,16,0,4,-12,20,8,2,32,16
86,2,123,12,4,4,-8,16,10,3,6,3
86,2,132,12,4,4,-8,16,10,3,4,2
86,2,565,9,7,4,-5,13,7,3,2,1
86,2,601,8,8,4,-4,12,6,3,4,2
86,2,1086,12,4,4,-8,16,10,3,4,2
87,3,124,12,0,8,-4,20,12,2,16,8
87,3,128,11,1,8,-3,19,11,3,4,2
87,3,133,8,4,8,0,16,12,3,8,4
87,3,232,11,1,8,-3,19,11,3,4,2
87,3,234,10,2,8,-2,18,10,3,2,1
87,3,335,8,4,8,0,16,12,3,8,4
87,3,336,4,8,8,4,12,10,3,8,4
87,3,564,10,2,8,-2,18,10,3,10,5
87,3,566,9,3,8,-1,17,9,3,4,2
87,3,598,9,3,8,-1,17,9,3,4,2
87,3,602,8,4,8,0,16,8,3,10,5
87,3,1087,8,4,8,0,16,12,3,16,8
87,3,1088,4,8,8,4,12,10,3,8,4
87,3,1156,4,8,8,4,12,10,3,8,4
100,2,138,12,0,8,-1,23,15,3,8,4
100,2,237,11,1,8,0,22,14,4,4,2
100,2,568,10,2,8,1,21,15,4,4,2
100,2,607,9,3,8,2,20,14,4,10,5
100,2,608,5,7,8,6,16,12,4,8,4
110,2,142,16,0,4,-11,21,9,3,6,3
110,2,143,12,4,4,-7,17,11,4,6,3
110,2,144,12,4,4,-7,17,11,4,6,3
110,2,239,15,1,4,-10,20,8,4,4,2
122,2,150,16,0,4,-8,24,12,2,8,4
122,2,151,12,4,4,-4,20,14,3,6,3
122,2,156,11,5,4,-3,19,13,3,2,1
122,2,160,12,4,4,-4,20,14,3,6,3
122,2,245,10,6,4,-2,18,12,3,2,1
122,2,341,12,4,4,-4,20,14,3,6,3
122,2,569,9,7,4,-1,17,11,3,2,1
122,2,960,11,5,4,-3,19,13,3,2,1
122,2,1091,12,4,4,-4,20,14,3,6,3
199,3,249,19,0,1,-18,20,2,2,12,6
199,3,250,15,4,1,-14,16,6,3,6,3
199,3,268,11,8,1,-10,12,6,3,4,2
199,3,343,16,3,1,-15,17,5,3,6,3
199,3,344,12,7,1,-11,13,7,3,2,1
199,3,347,12,7,1,-11,13,7,3,2,1
199,3,351,12,7,1,-11,13,7,3,6,3
199,3,1158,12,7,1,-11,13,7,3,4,2
199,3,1159,8,11,1,-7,9,7,3,4,2
206,2,259,15,3,2,-11,19,9,4,12,6
206,2,273,11,7,2,-7,15,9,4,4,2
206,2,1163,8,10,2,-4,12,10,4,6,3
249,2,295,19,0,1,-17,21,3,2,10,5
249,2,297,18,1,1,-16,20,4,3,4,2
249,2,365,16,3,1,-14,18,6,3,4,2
249,2,366,12,7,1,-10,14,8,3,6,3
249,2,368,12,7,1,-10,14,8,3,6,3
249,2,372,12,7,1,-10,14,8,3,2,1
249,2,617,17,2,1,-15,19,5,3,4,2
249,2,620,16,3,1,-14,18,6,3,2,1
249,2,912,10,9,1,-8,12,10,3,2,1
249,2,918,17,2,1,-15,19,5,3,2,1
249,2,929,13,6,1,-11,15,7,3,2,1
249,2,964,10,9,1,-8,12,6,3,2,1
253,2,300,18,0,2,-14,22,6,2,6,3
253,2,623,16,2,2,-12,20,8,3,2,1
253,2,909,17,1,2,-13,21,7,3,8,4
253,2,913,10,8,2,-6,14,12,3,4,2
295,2,374,16,3,1,-13,19,7,3,14,7
295,2,375,12,7,1,-9,15,9,3,12,6
295,2,1175,12,7,1,-9,15,9,3,2,1
295,2,1176,8,11,1,-5,11,9,3,2,1
295,2,1178,8,11,1,-5,11,9,3,4,2
295,2,1179,4,15,1,-1,7,7,3,2,1
304,2,395,16,0,4,-12,20,8,2,32,16
304,2,396,12,4,4,-8,16,10,3,6,3
304,2,401,12,4,4,-8,16,10,3,6,3
304,2,415,12,4,4,-8,16,10,3,4,2
304,2,984,11,5,4,-7,15,9,3,2,1
304,2,988,10,6,4,-6,14,8,3,2,1
304,2,990,11,5,4,-7,15,9,3,2,1
304,2,995,10,6,4,-6,14,8,3,2,1
304,2,1185,12,4,4,-8,16,10,3,4,2
374,4,450,16,0,4,-9,23,11,3,12,6
374,4,451,12,4,4,-5,19,13,4,10,5
374,4,454,15,1,4,-8,22,12,4,8,4
374,4,460,8,8,4,-1,15,13,4,4,2
374,4,466,15,1,4,-8,22,12,4,4,2
374,4,643,13,3,4,-6,20,14,4,10,5
374,4,644,9,7,4,-2,16,12,4,4,2
374,4,1020,11,5,4,-4,18,12,4,2,1
374,4,1024,10,6,4,-3,17,11,4,2,1
374,4,1197,8,8,4,-1,15,13,4,2,1
374,4,1198,11,5,4,-4,18,14,4,2,1
374,4,1200,8,8,4,-1,15,13,4,4,2
375,2,452,12,0,8,-1,23,15,3,10,5
375,2,456,11,1,8,0,22,14,4,4,2
375,2,641,10,2,8,1,21,15,4,4,2
375,2,645,9,3,8,2,20,14,4,10,5
375,2,654,5,7,8,6,16,12,4,8,4
375,2,1021,11,1,8,0,22,14,4,4,2
384,2,464,12,0,8,2,26,18,3,6,3
384,2,651,10,2,8,4,24,20,4,12,6
384,2,652,6,6,8,8,20,18,4,8,4
384,2,656,6,6,8,8,20,18,4,8,4
384,2,657,2,10,8,12,16,14,4,8,4
384,2,1030,11,1,8,3,25,17,4,2,1
384,2,1039,10,2,8,4,24,16,4,8,4
450,2,500,16,0,4,-5,27,15,3,8,4
450,2,501,12,4,4,-1,23,17,4,8,4
450,2,513,12,4,4,-1,23,17,4,14,7
450,2,1204,4,12,4,7,15,15,4,2,1
553,2,667,18,0,2,-16,20,4,2,4,2
553,2,668,14,4,2,-12,16,6,3,2,1
553,2,673,14,4,2,-12,16,6,3,2,1
553,2,674,10,8,2,-8,12,6,3,4,2
553,2,1208,8,10,2,-6,10,8,3,4,2
555,2,670,17,0,3,-14,20,6,2,4,2
555,2,677,9,8,3,-6,12,6,3,4,2
555,2,728,13,4,3,-10,16,10,3,4,2
555,2,1207,12,5,3,-9,15,9,3,2,1
576,2,693,17,0,3,-14,20,6,2,4,2
576,2,700,13,4,3,-10,16,10,3,4,2
576,2,708,9,8,3,-6,12,6,3,4,2
576,2,1213,12,5,3,-9,15,9,3,2,1
578,4,696,16,0,4,-12,20,8,2,8,4
578,4,697,12,4,4,-8,16,8,3,8,4
578,4,710,12,4,4,-8,16,8,3,8,4
578,4,732,2,14,4,2,6,6,3,8,4
578,4,1211,3,13,4,1,7,7,3,4,2
578,4,1218,3,13,4,1,7,7,3,4,2
581,2,714,9,7,4,-3,15,11,4,8,4
581,2,1212,3,13,4,3,9,9,4,4,2
581,2,1217,4,12,4,2,10,10,4,4,2
581,2,1219,4,12,4,2,10,10,4,2,1
620,2,737,9,7,4,-3,15,11,4,8,4
620,2,1221,4,12,4,2,10,10,4,2,1
620,2,1223,3,13,4,3,9,9,4,4,2
620,2,1224,4,12,4,2,10,10,4,4,2
697,2,782,12,0,8,0,24,12,3,32,16
697,2,1254,7,5,8,5,19,13,4,6,3
710,2,787,12,0,8,0,24,12,3,32,16
710,2,1246,7,5,8,5,19,13,4,6,3
768,2,1291,11,5,4,-1,21,17,4,10,5
768,2,1298,7,9,4,3,17,15,4,6,3
768,2,1308,4,12,4,6,14,14,4,2,1
778,2,1310,11,5,4,-1,21,17,4,10,5
778,2,1311,7,9,4,3,17,15,4,6,3
778,2,1312,4,12,4,6,14,14,4,2,1
807,2,1320,19,0,1,-18,20,2,2,16,8
807,2,1321,15,4,1,-14,16,6,3,6,3
807,2,1543,16,3,1,-15,17,5,3,4,2
807,2,1544,12,7,1,-11,13,7,3,6,3
807,2,1549,12,7,1,-11,13,7,3,4,2
810,2,1325,11,7,2,-9,13,9,3,6,3
810,2,1344,14,4,2,-12,16,8,3,8,4
810,2,1551,12,6,2,-10,14,8,3,6,3
810,2,1566,8,10,2,-6,10,8,3,4,2
819,3,1331,18,0,2,-16,20,4,2,14,7
819,3,1332,14,4,2,-12,16,8,3,16,8
819,3,1568,12,6,2,-10,14,8,3,8,4
819,3,1569,8,10,2,-6,10,8,3,10,5
830,2,1355,15,3,2,-11,19,9,4,12,6
830,2,1576,8,10,2,-4,12,10,4,8,4
907,2,1480,14,3,3,-9,19,9,4,12,6
907,2,1481,10,7,3,-5,15,9,4,8,4
907,2,1622,7,10,3,-2,12,10,4,4,2
1054,3,1634,16,0,4,-12,20,8,2,32,16
1054,3,1635,12,4,4,-8,16,10,3,8,4
1054,3,1640,12,4,4,-8,16,10,3,8,4
1054,3,1641,8,8,4,-4,12,10,3,16,8
1054,3,1653,12,4,4,-8,16,10,3,8,4
1054,3,1654,8,8,4,-4,12,10,3,16,8
1054,3,1657,8,8,4,-4,12,10,3,16,8
1054,3,1676,11,5,4,-7,15,9,3,2,1
1054,3,1677,12,4,4,-8,16,10,3,8,4
1054,3,1678,8,8,4,-4,12,10,3,16,8
1054,3,1681,8,8,4,-4,12,10,3,16,8
1054,3,1687,8,8,4,-4,12,10,3,16,8
1273,2,1729,12,0,8,2,26,18,3,4,2
1273,2,1732,11,1,8,3,25,17,4,4,2
1273,2,1745,11,1,8,3,25,19,4,2,1
1273,2,1748,10,2,8,4,24,18,4,10,5
1273,2,1755,6,6,8,8,20,16,4,8,4
1280,2,1739,12,0,8,2,26,18,3,4,2
1280,2,1740,11,1,8,3,25,19,4,2,1
1280,2,1758,11,1,8,3,25,17,4,4,2
1280,2,1759,10,2,8,4,24,18,4,10,5
1280,2,1760,6,6,8,8,20,16,4,8,4
1318,2,1836,18,1,1,-16,20,4,3,2,1
1318,2,1842,12,7,1,-10,14,8,3,2,1
1318,2,1966,16,3,1,-14,18,6,3,4,2
1318,2,1967,12,7,1,-10,14,8,3,2,1
1318,2,1969,12,7,1,-10,14,8,3,2,1
1318,2,1976,11,8,1,-9,13,7,3,6,3
1318,2,1984,12,7,1,-10,14,8,3,4,2
1318,2,1985,11,8,1,-9,13,9,3,4,2
1318,2,2027,11,8,1,-9,13,7,3,2,1
1318,2,2028,10,9,1,-8,12,8,3,4,2
1318,2,2070,12,7,1,-10,14,8,3,4,2
1318,2,2074,4,15,1,-2,6,6,3,2,1
1318,2,2078,10,9,1,-8,12,10,3,8,4
1318,2,2084,4,15,1,-2,6,6,3,2,1
1320,2,1838,17,1,2,-13,21,7,3,4,2
1320,2,1847,13,5,2,-9,17,9,3,4,2
1320,2,1848,9,9,2,-5,13,11,3,4,2
1320,2,1974,14,4,2,-10,18,10,3,4,2
1320,2,1988,8,10,2,-4,12,10,3,8,4
1320,2,2013,10,8,2,-6,14,10,3,6,3
1324,2,1825,11,4,5,-2,20,16,5,4,2
1324,2,1932,10,5,5,-1,19,13,5,2,1
1324,2,1971,12,3,5,-3,21,15,5,4,2
1324,2,1990,8,7,5,1,17,15,5,2,1
1329,3,1855,16,2,2,-12,20,8,3,10,5
1329,3,1856,12,6,2,-8,16,10,3,6,3
1329,3,1868,10,8,2,-6,14,10,3,4,2
1329,3,1978,15,3,2,-11,19,9,3,6,3
1329,3,1979,11,7,2,-7,15,11,3,6,3
1329,3,1981,10,8,2,-6,14,10,3,6,3
1329,3,1991,12,6,2,-8,16,10,3,6,3
1329,3,1992,8,10,2,-4,12,10,3,10,5
1329,3,2016,14,4,2,-10,18,10,3,2,1
1329,3,2017,10,8,2,-6,14,12,3,4,2
1329,3,2019,9,9,2,-5,13,11,3,4,2
1329,3,2081,10,8,2,-6,14,12,3,6,3
1374,3,1891,10,7,3,-4,16,14,3,8,4
1374,3,1901,13,4,3,-7,19,11,3,12,6
1374,3,1902,9,8,3,-3,15,13,3,6,3
1374,3,2046,13,4,3,-7,19,13,3,8,4
1374,3,2061,10,7,3,-4,16,12,3,2,1
1632,2,2142,16,0,4,-8,24,12,2,32,16
1632,2,2143,12,4,4,-4,20,14,3,12,6
1632,2,2148,11,5,4,-3,19,13,3,2,1
1632,2,2149,12,4,4,-4,20,14,3,12,6
1632,2,2156,12,4,4,-4,20,14,3,12,6
1632,2,2163,12,4,4,-4,20,14,3,12,6
1804,2,2219,10,7,3,-5,15,11,4,8,4
1804,2,2230,7,10,3,-2,12,10,4,2,1
1804,2,2233,4,13,3,1,9,9,4,4,2
1810,2,2237,12,6,2,-6,18,12,3,8,4
1810,2,2238,8,10,2,-2,14,12,3,4,2
1887,2,2299,11,6,3,-4,18,14,4,8,4
1887,2,2300,7,10,3,0,14,12,4,6,3
2208,3,2424,16,0,4,-9,23,11,3,4,2
2208,3,2428,8,8,4,-1,15,13,4,2,1
2208,3,2429,15,1,4,-8,22,12,4,4,2
2208,3,2438,8,8,4,-1,15,13,4,2,1
2208,3,2439,15,1,4,-8,22,12,4,4,2
2208,3,2478,12,4,4,-5,19,13,4,6,3
