future_id,chi,u,v,witness_action_id,witness_action,winning_rows,differing_winning_rows,next_future_u,next_future_v,num_witness_actions
0,7,0,807,15,-1 1 1 1 1,0,0,1054,1541,2
0,7,0,199,8,-1 1 -1 -1 -1,1,1,304,343,2
0,7,0,553,15,-1 1 1 1 1,0,0,1054,1205,2
0,7,0,1144,1,-1 -1 -1 -1 1,4,4,1,2,30
0,7,0,1126,7,-1 -1 1 1 1,0 1,0 1,1126,1695,10
0,7,0,1055,1,-1 -1 -1 -1 1,4,4,1,2,6
0,7,807,199,8,-1 1 -1 -1 -1,1,1,304,343,4
0,7,807,553,15,-1 1 1 1 1,0,0,1541,1205,2
0,7,807,1144,8,-1 1 -1 -1 -1,1,1,304,395,4
0,7,807,1126,8,-1 1 -1 -1 -1,1,1,304,395,4
0,7,807,1055,15,-1 1 1 1 1,0,0,1541,1632,2
0,7,199,553,15,-1 1 1 1 1,0,0,1054,1205,2
0,7,199,1144,1,-1 -1 -1 -1 1,4,4,1,2,10
0,7,199,1126,8,-1 1 -1 -1 -1,1,1,343,395,4
0,7,199,1055,1,-1 -1 -1 -1 1,4,4,1,2,6
0,7,553,1144,5,-1 -1 1 -1 1,2 4,2 4,87,124,4
0,7,553,1126,15,-1 1 1 1 1,0,0,1205,1632,2
0,7,553,1055,15,-1 1 1 1 1,0,0,1205,1632,2
0,7,1144,1126,9,-1 1 -1 -1 1,1 4,4,397,396,4
0,7,1144,1055,10,-1 1 -1 1 -1,1 3,1 3,404,311,2
0,7,1126,1055,10,-1 1 -1 1 -1,1 3,1,401,311,2
1,3,2,8,3,-1 -1 -1 1 1,3 4,3,15,19,2
1,3,2,88,4,-1 -1 1 -1 -1,2,2,87,123,2
1,3,8,88,4,-1 -1 1 -1 -1,2,2,87,123,2
2,2,3,89,4,-1 -1 1 -1 -1,2,2,88,124,4
11,2,21,100,6,-1 -1 1 1 -1,2 3,2,105,138,2
12,2,23,24,3,-1 -1 -1 1 1,3 4,4,37,38,2
21,2,34,105,4,-1 -1 1 -1 -1,2,2,100,134,2
34,2,107,47,4,-1 -1 1 -1 -1,2,2,138,105,4
86,2,122,123,1,-1 -1 -1 -1 1,4,4,87,88,2
87,3,124,1087,15,-1 1 1 1 1,0,0,1076,1652,2
87,3,124,602,15,-1 1 1 1 1,0,0,1076,1207,2
87,3,1087,602,15,-1 1 1 1 1,0,0,1652,1207,2
100,2,138,607,7,-1 -1 1 1 1,0 1,0 1,1146,1218,2
110,2,142,239,12,-1 1 1 -1 -1,1 2,1,342,362,2
122,2,150,151,1,-1 -1 -1 -1 1,4,4,123,124,4
199,3,351,249,5,-1 -1 1 -1 1,2 4,2,231,220,2
199,3,351,1159,5,-1 -1 1 -1 1,2 4,2 4,231,221,2
199,3,249,1159,5,-1 -1 1 -1 1,2 4,4,220,221,2
206,2,1163,259,7,-1 -1 1 1 1,0 1,0 1,1705,1168,2
249,2,365,366,9,-1 1 -1 -1 1,1 4,4,441,442,2
253,2,909,913,3,-1 -1 -1 1 1,3 4,3 4,260,262,2
295,2,374,375,9,-1 1 -1 -1 1,1 4,4,451,452,2
304,2,415,395,12,-1 1 1 -1 -1,1 2,2,483,482,2
374,4,451,450,1,-1 -1 -1 -1 1,4,4,376,375,2
374,4,451,466,12,-1 1 1 -1 -1,1 2,2,513,516,2
374,4,451,643,13,-1 1 1 -1 1,0 3,0 3,1177,1219,2
374,4,450,466,12,-1 1 1 -1 -1,1 2,2,513,516,2
374,4,450,643,13,-1 1 1 -1 1,0 3,0 3,1177,1219,2
374,4,466,643,12,-1 1 1 -1 -1,1 2,2,516,513,2
375,2,452,645,13,-1 1 1 -1 1,0 3,0 3,1178,1220,2
384,2,464,651,11,-1 1 -1 1 1,0 2,0,1182,1224,4
450,2,501,500,1,-1 -1 -1 -1 1,4,4,452,451,4
553,2,667,674,5,-1 -1 1 -1 1,2 4,2 4,560,564,2
555,2,670,677,5,-1 -1 1 -1 1,2 4,2 4,562,566,2
576,2,693,708,5,-1 -1 1 -1 1,2 4,2 4,588,598,2
578,4,696,697,5,-1 -1 1 -1 1,2 4,4,592,593,2
578,4,696,710,5,-1 -1 1 -1 1,2 4,2,592,601,2
578,4,696,732,5,-1 -1 1 -1 1,2 4,2 4,592,602,2
578,4,697,710,5,-1 -1 1 -1 1,2 4,2 4,593,601,2
578,4,697,732,5,-1 -1 1 -1 1,2 4,2,593,602,2
578,4,710,732,5,-1 -1 1 -1 1,2 4,4,601,602,2
581,2,1217,714,4,-1 -1 1 -1 -1,2,2,595,604,2
620,2,1224,737,1,-1 -1 -1 -1 1,4,4,621,622,2
697,2,782,1254,7,-1 -1 1 1 1,0 1,0 1,1310,1723,2
710,2,787,1246,13,-1 1 1 -1 1,0 3,0 3,1297,1719,2
768,2,1291,1298,12,-1 1 1 -1 -1,1 2,2,796,798,2
778,2,1310,1311,3,-1 -1 -1 1 1,3 4,4,783,784,2
807,2,1320,1321,1,-1 -1 -1 -1 1,4,4,808,809,2
810,2,1344,1325,3,-1 -1 -1 1 1,3 4,3 4,815,817,2
819,3,1332,1569,11,-1 1 -1 1 1,0 2,0 2,1989,2133,2
819,3,1332,1331,1,-1 -1 -1 -1 1,4,4,821,820,4
819,3,1569,1331,9,-1 1 -1 -1 1,1 4,4,946,945,2
830,2,1355,1576,14,-1 1 1 1 -1,0 4,0 4,1977,2129,2
907,2,1480,1481,3,-1 -1 -1 1 1,3 4,4,913,914,4
1054,3,1634,1641,1,-1 -1 -1 -1 1,4,4,1055,1056,10
1054,3,1634,1687,4,-1 -1 1 -1 -1,2,2,1075,1086,10
1054,3,1641,1687,3,-1 -1 -1 1 1,3 4,3 4,1064,1062,4
1273,2,1729,1748,10,-1 1 -1 1 -1,1 3,1 3,1301,1304,2
1280,2,1739,1759,10,-1 1 -1 1 -1,1 3,1 3,1303,1306,2
1318,2,1966,2070,7,-1 -1 1 1 1,0 1,1,2343,2349,2
1320,2,1838,2013,4,-1 -1 1 -1 -1,2,2,1342,1348,2
1324,2,1825,1971,15,-1 1 1 1 1,0,0,2212,2322,2
1329,3,1979,1855,6,-1 -1 1 1 -1,2 3,3,1357,1358,2
1329,3,1979,1856,6,-1 -1 1 1 -1,2 3,3,1357,1358,2
1329,3,1855,1856,1,-1 -1 -1 -1 1,4,4,1330,1331,2
1374,3,1891,1901,4,-1 -1 1 -1 -1,2,2,1398,1401,4
1374,3,1891,2046,4,-1 -1 1 -1 -1,2,2,1398,1401,4
1374,3,1901,2046,11,-1 1 -1 1 1,0 2,0,2265,2340,2
1632,2,2142,2143,1,-1 -1 -1 -1 1,4,4,1633,1634,4
1804,2,2219,2233,6,-1 -1 1 1 -1,2 3,2 3,1825,1832,2
1810,2,2237,2238,1,-1 -1 -1 -1 1,4,4,1811,1812,2
1887,2,2299,2300,3,-1 -1 -1 1 1,3 4,4,1889,1890,2
2208,3,2429,2439,7,-1 -1 1 1 1,0 1,1,2527,2528,2
2208,3,2429,2478,7,-1 -1 1 1 1,0 1,1,2527,2532,2
2208,3,2439,2478,7,-1 -1 1 1 1,0 1,1,2528,2532,2
