future_id,chi,clique_rank,vertex_id,field_deltaW
0,7,0,0,0 -1 -1 -1 -1;-1 0 -1 -1 -1;-1 -1 0 -1 -1;-1 -1 -1 0 -1;-1 -1 -1 -1 0
0,7,1,807,0 0 -1 -1 -1;-1 0 -1 -1 -1;-1 -1 0 -1 -1;-1 -1 -1 0 -1;-1 -1 -1 -1 0
0,7,2,199,0 -1 -1 -1 -1;-1 0 0 -1 -1;-1 -1 0 -1 -1;-1 -1 -1 0 -1;-1 -1 -1 -1 0
0,7,3,553,0 -1 0 -1 0;-1 0 -1 -1 -1;-1 -1 0 -1 -1;-1 -1 -1 0 -1;-1 -1 -1 -1 0
0,7,4,1144,0 0 0 0 0;0 0 0 0 0;0 0 0 0 0;0 0 0 0 0;0 0 0 0 0
0,7,5,1126,0 0 0 0 0;0 0 0 0 0;-1 -1 0 -1 -1;-1 -1 -1 0 -1;-1 -1 -1 -1 0
0,7,6,1055,0 0 0 0 0;-1 0 -1 -1 -1;-1 -1 0 -1 -1;-1 -1 -1 0 -1;0 0 0 0 0
1,3,0,2,0 -1 -1 -1 -1;-1 0 -1 -1 -1;-1 -1 0 -1 -1;-1 -1 -1 0 -1;1 1 1 1 0
1,3,1,8,0 -1 -1 -1 -1;-1 0 -1 -1 -1;-1 -1 0 -1 -1;-1 -1 -1 0 0;1 1 1 1 0
1,3,2,88,0 -1 -1 -1 -1;-1 0 -1 -1 -1;0 0 0 0 0;-1 -1 -1 0 -1;1 1 1 1 0
2,2,0,3,0 -1 -1 -1 -1;-1 0 -1 -1 -1;-1 -1 0 -1 -1;-1 -1 -1 0 -1;2 2 2 2 0
2,2,1,89,0 -1 -1 -1 -1;-1 0 -1 -1 -1;0 0 0 0 0;-1 -1 -1 0 -1;2 2 2 2 0
11,2,0,21,0 -1 -1 -1 -1;-1 0 -1 -1 -1;-1 -1 0 -1 -1;0 0 0 0 3;-1 -1 -1 -1 0
11,2,1,100,0 -1 -1 -1 -1;-1 0 -1 -1 -1;0 0 0 0 0;0 0 0 0 3;-1 -1 -1 -1 0
12,2,0,23,0 -1 -1 -1 -1;-1 0 -1 -1 -1;-1 -1 0 -1 -1;1 1 1 0 1;-1 -1 -1 -1 0
12,2,1,24,0 -1 -1 -1 -1;-1 0 -1 -1 -1;-1 -1 0 -1 -1;1 1 1 0 1;0 0 0 0 0
21,2,0,34,0 -1 -1 -1 -1;-1 0 -1 -1 -1;-1 -1 0 -1 -1;1 1 1 0 4;-1 -1 -1 -1 0
21,2,1,105,0 -1 -1 -1 -1;-1 0 -1 -1 -1;0 0 0 0 0;1 1 1 0 4;-1 -1 -1 -1 0
34,2,0,107,0 -1 -1 -1 -1;-1 0 -1 -1 -1;0 0 0 0 0;2 2 2 0 5;-1 -1 -1 -1 0
34,2,1,47,0 -1 -1 -1 -1;-1 0 -1 -1 -1;-1 -1 0 -1 -1;2 2 2 0 5;-1 -1 -1 -1 0
86,2,0,122,0 -1 -1 -1 -1;-1 0 -1 -1 -1;1 1 0 1 1;-1 -1 -1 0 -1;-1 -1 -1 -1 0
86,2,1,123,0 -1 -1 -1 -1;-1 0 -1 -1 -1;1 1 0 1 1;-1 -1 -1 0 -1;0 0 0 0 0
87,3,0,124,0 -1 -1 -1 -1;-1 0 -1 -1 -1;1 1 0 1 1;-1 -1 -1 0 -1;1 1 1 1 0
87,3,1,1087,0 0 0 0 0;-1 0 -1 -1 -1;1 1 0 1 1;-1 -1 -1 0 -1;1 1 1 1 0
87,3,2,602,0 -1 0 -1 0;-1 0 0 -1 -1;1 1 0 1 1;-1 -1 -1 0 0;1 1 1 1 0
100,2,0,138,0 -1 -1 -1 -1;-1 0 -1 -1 -1;1 1 0 1 1;1 1 1 0 4;-1 -1 -1 -1 0
100,2,1,607,0 -1 0 -1 0;-1 0 0 -1 -1;1 1 0 1 1;1 1 1 0 4;-1 -1 -1 -1 0
110,2,0,142,0 -1 -1 -1 -1;-1 0 -1 -1 -1;1 1 0 2 1;-1 -1 -1 0 -1;-1 -1 -1 -1 0
110,2,1,239,0 -1 -1 -1 -1;-1 0 0 -1 -1;1 1 0 2 1;-1 -1 -1 0 -1;-1 -1 -1 -1 0
122,2,0,150,0 -1 -1 -1 -1;-1 0 -1 -1 -1;2 2 0 2 2;-1 -1 -1 0 -1;-1 -1 -1 -1 0
122,2,1,151,0 -1 -1 -1 -1;-1 0 -1 -1 -1;2 2 0 2 2;-1 -1 -1 0 -1;0 0 0 0 0
199,3,0,351,0 -1 -1 -1 -1;0 0 1 0 0;0 0 0 0 0;-1 -1 -1 0 -1;-1 -1 -1 -1 0
199,3,1,249,0 -1 -1 -1 -1;-1 0 1 -1 -1;-1 -1 0 -1 -1;-1 -1 -1 0 -1;-1 -1 -1 -1 0
199,3,2,1159,0 0 0 0 0;0 0 1 0 0;-1 -1 0 -1 -1;-1 -1 -1 0 -1;0 0 0 0 0
206,2,0,1163,0 0 0 0 0;0 0 1 0 0;-1 -1 0 -1 -1;0 0 0 0 3;-1 -1 -1 -1 0
206,2,1,259,0 -1 -1 -1 -1;-1 0 1 -1 -1;-1 -1 0 -1 -1;0 0 0 0 3;-1 -1 -1 -1 0
249,2,0,365,0 -1 -1 -1 -1;0 0 2 0 0;-1 -1 0 -1 -1;-1 -1 -1 0 -1;-1 -1 -1 -1 0
249,2,1,366,0 -1 -1 -1 -1;0 0 2 0 0;-1 -1 0 -1 -1;-1 -1 -1 0 -1;0 0 0 0 0
253,2,0,909,0 0 -1 -1 -1;-1 0 2 -1 -1;-1 -1 0 -1 -1;-1 -1 -1 0 2;-1 -1 -1 -1 0
253,2,1,913,0 0 -1 -1 -1;-1 0 2 -1 -1;-1 -1 0 -1 -1;0 0 0 0 2;0 0 0 0 0
295,2,0,374,0 -1 -1 -1 -1;0 0 3 0 0;-1 -1 0 -1 -1;-1 -1 -1 0 -1;-1 -1 -1 -1 0
295,2,1,375,0 -1 -1 -1 -1;0 0 3 0 0;-1 -1 0 -1 -1;-1 -1 -1 0 -1;0 0 0 0 0
304,2,0,415,0 -1 -1 -1 -1;1 0 1 1 1;0 0 0 0 0;-1 -1 -1 0 -1;-1 -1 -1 -1 0
304,2,1,395,0 -1 -1 -1 -1;1 0 1 1 1;-1 -1 0 -1 -1;-1 -1 -1 0 -1;-1 -1 -1 -1 0
374,4,0,451,0 -1 -1 -1 -1;1 0 4 1 1;-1 -1 0 -1 -1;-1 -1 -1 0 -1;0 0 0 0 0
374,4,1,450,0 -1 -1 -1 -1;1 0 4 1 1;-1 -1 0 -1 -1;-1 -1 -1 0 -1;-1 -1 -1 -1 0
374,4,2,466,0 -1 -1 -1 -1;1 0 4 1 1;-1 -1 0 0 -1;-1 -1 -1 0 -1;-1 -1 -1 -1 0
374,4,3,643,0 -1 0 -1 0;1 0 4 1 1;-1 -1 0 -1 -1;-1 -1 -1 0 0;-1 -1 -1 -1 0
375,2,0,452,0 -1 -1 -1 -1;1 0 4 1 1;-1 -1 0 -1 -1;-1 -1 -1 0 -1;1 1 1 1 0
375,2,1,645,0 -1 0 -1 0;1 0 4 1 1;-1 -1 0 -1 -1;-1 -1 -1 0 0;1 1 1 1 0
384,2,0,464,0 -1 -1 -1 -1;1 0 4 1 1;-1 -1 0 -1 -1;1 1 1 0 4;-1 -1 -1 -1 0
384,2,1,651,0 -1 0 -1 0;1 0 4 1 1;-1 -1 0 -1 -1;1 1 1 0 4;-1 -1 -1 -1 0
450,2,0,501,0 -1 -1 -1 -1;2 0 5 2 2;-1 -1 0 -1 -1;-1 -1 -1 0 -1;0 0 0 0 0
450,2,1,500,0 -1 -1 -1 -1;2 0 5 2 2;-1 -1 0 -1 -1;-1 -1 -1 0 -1;-1 -1 -1 -1 0
553,2,0,667,0 -1 1 -1 1;-1 0 -1 -1 -1;-1 -1 0 -1 -1;-1 -1 -1 0 -1;-1 -1 -1 -1 0
553,2,1,674,0 -1 1 -1 1;-1 0 -1 -1 -1;0 0 0 0 0;-1 -1 -1 0 -1;0 0 0 0 0
555,2,0,670,0 -1 1 -1 1;-1 0 -1 -1 -1;-1 -1 0 -1 -1;-1 -1 -1 0 1;-1 -1 -1 -1 0
555,2,1,677,0 -1 1 -1 1;-1 0 -1 -1 -1;0 0 0 0 0;-1 -1 -1 0 1;0 0 0 0 0
576,2,0,693,0 -1 1 -1 1;-1 0 1 -1 -1;-1 -1 0 -1 -1;-1 -1 -1 0 -1;-1 -1 -1 -1 0
576,2,1,708,0 -1 1 -1 1;-1 0 1 -1 -1;0 0 0 0 0;-1 -1 -1 0 -1;0 0 0 0 0
578,4,0,696,0 -1 1 -1 1;-1 0 1 -1 -1;-1 -1 0 -1 -1;-1 -1 -1 0 1;-1 -1 -1 -1 0
578,4,1,697,0 -1 1 -1 1;-1 0 1 -1 -1;-1 -1 0 -1 -1;-1 -1 -1 0 1;0 0 0 0 0
578,4,2,710,0 -1 1 -1 1;-1 0 1 -1 -1;0 0 0 0 0;-1 -1 -1 0 1;-1 -1 -1 -1 0
578,4,3,732,0 -1 1 -1 1;0 0 1 0 0;0 0 0 0 0;0 0 0 0 1;0 0 0 0 0
581,2,0,1217,0 0 1 0 1;0 0 1 0 0;-1 -1 0 -1 -1;0 0 0 0 3;0 0 0 0 0
581,2,1,714,0 -1 1 -1 1;-1 0 1 -1 -1;0 0 0 0 0;0 0 0 0 3;-1 -1 -1 -1 0
620,2,0,1224,0 0 1 0 1;0 0 3 0 0;0 0 0 0 0;0 0 0 0 1;-1 -1 -1 -1 0
620,2,1,737,0 -1 1 -1 1;0 0 3 0 0;-1 -1 0 -1 -1;-1 -1 -1 0 1;0 0 0 0 0
697,2,0,782,0 -1 2 -1 2;-1 0 2 -1 -1;-1 -1 0 -1 -1;-1 -1 -1 0 2;1 1 1 1 0
697,2,1,1254,0 0 2 0 2;0 0 2 0 0;-1 -1 0 -1 -1;-1 -1 -1 0 2;1 1 1 1 0
710,2,0,787,0 -1 2 -1 2;-1 0 2 -1 -1;1 1 0 1 1;-1 -1 -1 0 2;-1 -1 -1 -1 0
710,2,1,1246,0 0 2 0 2;-1 0 2 -1 -1;1 1 0 1 1;0 0 0 0 2;-1 -1 -1 -1 0
768,2,0,1291,0 0 3 0 3;-1 0 1 -1 -1;-1 -1 0 -1 -1;0 0 0 0 3;-1 -1 -1 -1 0
768,2,1,1298,0 0 3 0 3;-1 0 1 -1 -1;0 0 0 0 0;0 0 0 0 3;-1 -1 -1 -1 0
778,2,0,1310,0 0 3 0 3;0 0 3 0 0;-1 -1 0 -1 -1;-1 -1 -1 0 1;-1 -1 -1 -1 0
778,2,1,1311,0 0 3 0 3;0 0 3 0 0;-1 -1 0 -1 -1;-1 -1 -1 0 1;0 0 0 0 0
807,2,0,1320,0 1 -1 -1 -1;-1 0 -1 -1 -1;-1 -1 0 -1 -1;-1 -1 -1 0 -1;-1 -1 -1 -1 0
807,2,1,1321,0 1 -1 -1 -1;-1 0 -1 -1 -1;-1 -1 0 -1 -1;-1 -1 -1 0 -1;0 0 0 0 0
810,2,0,1344,0 1 -1 -1 -1;-1 0 -1 -1 -1;0 0 0 0 0;-1 -1 -1 0 1;-1 -1 -1 -1 0
810,2,1,1325,0 1 -1 -1 -1;-1 0 -1 -1 -1;-1 -1 0 -1 -1;0 0 0 0 1;0 0 0 0 0
819,3,0,1332,0 1 -1 -1 -1;-1 0 -1 -1 -1;-1 -1 0 1 -1;-1 -1 -1 0 -1;0 0 0 0 0
819,3,1,1569,0 1 0 0 0;-1 0 -1 -1 -1;0 0 0 1 0;-1 -1 -1 0 -1;0 0 0 0 0
819,3,2,1331,0 1 -1 -1 -1;-1 0 -1 -1 -1;-1 -1 0 1 -1;-1 -1 -1 0 -1;-1 -1 -1 -1 0
830,2,0,1355,0 1 -1 -1 -1;-1 0 -1 -1 -1;0 0 0 3 0;-1 -1 -1 0 -1;-1 -1 -1 -1 0
830,2,1,1576,0 1 0 0 0;-1 0 -1 -1 -1;0 0 0 3 0;-1 -1 -1 0 -1;0 0 0 0 0
907,2,0,1480,0 1 -1 -1 -1;0 0 3 0 0;-1 -1 0 -1 -1;-1 -1 -1 0 1;-1 -1 -1 -1 0
907,2,1,1481,0 1 -1 -1 -1;0 0 3 0 0;-1 -1 0 -1 -1;-1 -1 -1 0 1;0 0 0 0 0
1054,3,0,1634,0 1 1 1 1;-1 0 -1 -1 -1;-1 -1 0 -1 -1;-1 -1 -1 0 -1;-1 -1 -1 -1 0
1054,3,1,1641,0 1 1 1 1;-1 0 -1 -1 -1;-1 -1 0 -1 -1;0 0 0 0 0;0 0 0 0 0
1054,3,2,1687,0 1 1 1 1;0 0 0 0 0;0 0 0 0 0;-1 -1 -1 0 -1;-1 -1 -1 -1 0
1273,2,0,1729,0 1 4 1 4;-1 0 -1 -1 -1;-1 -1 0 -1 -1;-1 -1 -1 0 -1;1 1 1 1 0
1273,2,1,1748,0 1 4 1 4;-1 0 0 -1 -1;-1 -1 0 -1 -1;-1 -1 -1 0 0;1 1 1 1 0
1280,2,0,1739,0 1 4 1 4;-1 0 -1 -1 -1;1 1 0 1 1;-1 -1 -1 0 -1;-1 -1 -1 -1 0
1280,2,1,1759,0 1 4 1 4;-1 0 0 -1 -1;1 1 0 1 1;-1 -1 -1 0 0;-1 -1 -1 -1 0
1318,2,0,1966,0 2 0 0 0;-1 0 -1 -1 -1;-1 -1 0 -1 -1;-1 -1 -1 0 -1;-1 -1 -1 -1 0
1318,2,1,2070,0 2 0 0 0;0 0 0 0 0;-1 -1 0 -1 -1;-1 -1 -1 0 -1;-1 -1 -1 -1 0
1320,2,0,1838,0 2 -1 -1 -1;-1 0 0 -1 -1;-1 -1 0 -1 -1;-1 -1 -1 0 2;-1 -1 -1 -1 0
1320,2,1,2013,0 2 0 0 0;-1 0 0 -1 -1;-1 -1 0 0 -1;0 0 0 0 2;-1 -1 -1 -1 0
1324,2,0,1825,0 2 -1 -1 -1;-1 0 -1 -1 -1;0 0 0 0 0;1 1 1 0 4;-1 -1 -1 -1 0
1324,2,1,1971,0 2 0 0 0;-1 0 -1 -1 -1;-1 -1 0 -1 -1;1 1 1 0 4;-1 -1 -1 -1 0
1329,3,0,1979,0 2 0 0 0;-1 0 -1 -1 -1;-1 -1 0 2 -1;-1 -1 -1 0 -1;0 0 0 0 0
1329,3,1,1855,0 2 -1 -1 -1;-1 0 0 -1 -1;-1 -1 0 2 -1;-1 -1 -1 0 0;-1 -1 -1 -1 0
1329,3,2,1856,0 2 -1 -1 -1;-1 0 0 -1 -1;-1 -1 0 2 -1;-1 -1 -1 0 0;0 0 0 0 0
1374,3,0,1891,0 2 -1 -1 -1;-1 0 2 -1 -1;-1 -1 0 -1 -1;0 0 0 0 2;0 0 0 0 0
1374,3,1,1901,0 2 -1 -1 -1;-1 0 2 -1 -1;-1 -1 0 0 -1;0 0 0 0 2;-1 -1 -1 -1 0
1374,3,2,2046,0 2 0 0 0;-1 0 2 -1 -1;-1 -1 0 0 -1;-1 -1 -1 0 2;-1 -1 -1 -1 0
1632,2,0,2142,0 2 2 2 2;-1 0 -1 -1 -1;-1 -1 0 -1 -1;-1 -1 -1 0 -1;-1 -1 -1 -1 0
1632,2,1,2143,0 2 2 2 2;-1 0 -1 -1 -1;-1 -1 0 -1 -1;-1 -1 -1 0 -1;0 0 0 0 0
1804,2,0,2219,0 3 0 0 0;-1 0 -1 -1 -1;-1 -1 0 1 -1;-1 -1 -1 0 1;0 0 0 0 0
1804,2,1,2233,0 3 0 0 0;-1 0 -1 -1 -1;0 0 0 1 0;0 0 0 0 1;0 0 0 0 0
1810,2,0,2237,0 3 0 0 0;-1 0 -1 -1 -1;0 0 0 3 0;-1 -1 -1 0 -1;-1 -1 -1 -1 0
1810,2,1,2238,0 3 0 0 0;-1 0 -1 -1 -1;0 0 0 3 0;-1 -1 -1 0 -1;0 0 0 0 0
1887,2,0,2299,0 3 0 0 0;0 0 3 0 0;-1 -1 0 -1 -1;-1 -1 -1 0 1;-1 -1 -1 -1 0
1887,2,1,2300,0 3 0 0 0;0 0 3 0 0;-1 -1 0 -1 -1;-1 -1 -1 0 1;0 0 0 0 0
2208,3,0,2429,0 4 1 1 1;-1 0 -1 -1 -1;-1 -1 0 0 -1;-1 -1 -1 0 -1;-1 -1 -1 -1 0
2208,3,1,2439,0 4 1 1 1;-1 0 0 -1 -1;-1 -1 0 -1 -1;-1 -1 -1 0 -1;-1 -1 -1 -1 0
2208,3,2,2478,0 4 1 1 1;0 0 0 0 0;-1 -1 0 -1 -1;-1 -1 -1 0 -1;-1 -1 -1 -1 0
