mask,features,n_features,unique_groups,deterministic_groups,D_state,A_freq
1,frob2,1,1786,376,0.21052631578947367,0.4791637186925145
2,rank,1,192,50,0.2604166666666667,0.28251025895004955
3,frob2+rank,2,2776,1018,0.36671469740634005,0.5589712749398613
4,stable_rank,1,6700,5002,0.7465671641791045,0.6960520730154238
5,frob2+stable_rank,2,6748,5064,0.7504445761707172,0.6985991226828924
6,rank+stable_rank,2,6720,5028,0.7482142857142857,0.6969010895712466
7,frob2+rank+stable_rank,3,6748,5064,0.7504445761707172,0.6985991226828924
8,singular_values,1,6752,5068,0.7505924170616114,0.6986698740625442
9,frob2+singular_values,2,6752,5068,0.7505924170616114,0.6986698740625442
10,rank+singular_values,2,6752,5068,0.7505924170616114,0.6986698740625442
11,frob2+rank+singular_values,3,6752,5068,0.7505924170616114,0.6986698740625442
12,stable_rank+singular_values,2,6752,5068,0.7505924170616114,0.6986698740625442
13,frob2+stable_rank+singular_values,3,6752,5068,0.7505924170616114,0.6986698740625442
14,rank+stable_rank+singular_values,3,6752,5068,0.7505924170616114,0.6986698740625442
15,frob2+rank+stable_rank+singular_values,4,6752,5068,0.7505924170616114,0.6986698740625442
16,out_strength_distribution,1,6222,4108,0.6602378656380585,0.7301188623178152
17,frob2+out_strength_distribution,2,6386,4324,0.6771061697463201,0.7391396632234328
18,rank+out_strength_distribution,2,6442,4394,0.6820863085998137,0.7366279892457903
19,frob2+rank+out_strength_distribution,3,6528,4506,0.6902573529411765,0.7423942266874204
20,stable_rank+out_strength_distribution,2,7636,6132,0.8030382399161865,0.7701641432007924
21,frob2+stable_rank+out_strength_distribution,3,7636,6132,0.8030382399161865,0.7701641432007924
22,rank+stable_rank+out_strength_distribution,3,7636,6132,0.8030382399161865,0.7701641432007924
23,frob2+rank+stable_rank+out_strength_distribution,4,7636,6132,0.8030382399161865,0.7701641432007924
24,singular_values+out_strength_distribution,2,7638,6134,0.8030898140874575,0.7701995188906183
25,frob2+singular_values+out_strength_distribution,3,7638,6134,0.8030898140874575,0.7701995188906183
26,rank+singular_values+out_strength_distribution,3,7638,6134,0.8030898140874575,0.7701995188906183
27,frob2+rank+singular_values+out_strength_distribution,4,7638,6134,0.8030898140874575,0.7701995188906183
28,stable_rank+singular_values+out_strength_distribution,3,7638,6134,0.8030898140874575,0.7701995188906183
29,frob2+stable_rank+singular_values+out_strength_distribution,4,7638,6134,0.8030898140874575,0.7701995188906183
30,rank+stable_rank+singular_values+out_strength_distribution,4,7638,6134,0.8030898140874575,0.7701995188906183
31,frob2+rank+stable_rank+singular_values+out_strength_distribution,5,7638,6134,0.8030898140874575,0.7701995188906183
32,in_strength_distribution,1,5990,3784,0.6317195325542571,0.6986344983727183
33,frob2+in_strength_distribution,2,7172,5406,0.7537646402677077,0.7370878732135276
34,rank+in_strength_distribution,2,6658,4752,0.71372784620006,0.7341516909579737
35,frob2+rank+in_strength_distribution,3,7310,5646,0.7723666210670315,0.7582425357294468
36,stable_rank+in_strength_distribution,2,7814,6442,0.8244177117993345,0.7754704966746852
37,frob2+stable_rank+in_strength_distribution,3,7814,6442,0.8244177117993345,0.7754704966746852
38,rank+stable_rank+in_strength_distribution,3,7814,6442,0.8244177117993345,0.7754704966746852
39,frob2+rank+stable_rank+in_strength_distribution,4,7814,6442,0.8244177117993345,0.7754704966746852
40,singular_values+in_strength_distribution,2,7816,6444,0.8244626407369499,0.7755058723645111
41,frob2+singular_values+in_strength_distribution,3,7816,6444,0.8244626407369499,0.7755058723645111
42,rank+singular_values+in_strength_distribution,3,7816,6444,0.8244626407369499,0.7755058723645111
43,frob2+rank+singular_values+in_strength_distribution,4,7816,6444,0.8244626407369499,0.7755058723645111
44,stable_rank+singular_values+in_strength_distribution,3,7816,6444,0.8244626407369499,0.7755058723645111
45,frob2+stable_rank+singular_values+in_strength_distribution,4,7816,6444,0.8244626407369499,0.7755058723645111
46,rank+stable_rank+singular_values+in_strength_distribution,4,7816,6444,0.8244626407369499,0.7755058723645111
47,frob2+rank+stable_rank+singular_values+in_strength_distribution,5,7816,6444,0.8244626407369499,0.7755058723645111
48,out_strength_distribution+in_strength_distribution,2,7444,5834,0.7837184309511016,0.7634427621338616
49,frob2+out_strength_distribution+in_strength_distribution,3,7448,5842,0.7843716433941997,0.763902646101599
50,rank+out_strength_distribution+in_strength_distribution,3,7488,5896,0.7873931623931624,0.7648931654167256
51,frob2+rank+out_strength_distribution+in_strength_distribution,4,7488,5896,0.7873931623931624,0.7648931654167256
52,stable_rank+out_strength_distribution+in_strength_distribution,3,7814,6442,0.8244177117993345,0.7754704966746852
53,frob2+stable_rank+out_strength_distribution+in_strength_distribution,4,7814,6442,0.8244177117993345,0.7754704966746852
54,rank+stable_rank+out_strength_distribution+in_strength_distribution,4,7814,6442,0.8244177117993345,0.7754704966746852
55,frob2+rank+stable_rank+out_strength_distribution+in_strength_distribution,5,7814,6442,0.8244177117993345,0.7754704966746852
56,singular_values+out_strength_distribution+in_strength_distribution,3,7816,6444,0.8244626407369499,0.7755058723645111
57,frob2+singular_values+out_strength_distribution+in_strength_distribution,4,7816,6444,0.8244626407369499,0.7755058723645111
58,rank+singular_values+out_strength_distribution+in_strength_distribution,4,7816,6444,0.8244626407369499,0.7755058723645111
59,frob2+rank+singular_values+out_strength_distribution+in_strength_distribution,5,7816,6444,0.8244626407369499,0.7755058723645111
60,stable_rank+singular_values+out_strength_distribution+in_strength_distribution,4,7816,6444,0.8244626407369499,0.7755058723645111
61,frob2+stable_rank+singular_values+out_strength_distribution+in_strength_distribution,5,7816,6444,0.8244626407369499,0.7755058723645111
62,rank+stable_rank+singular_values+out_strength_distribution+in_strength_distribution,5,7816,6444,0.8244626407369499,0.7755058723645111
63,frob2+rank+stable_rank+singular_values+out_strength_distribution+in_strength_distribution,6,7816,6444,0.8244626407369499,0.7755058723645111
64,in_out_strength_distribution,1,7776,6396,0.8225308641975309,0.7716499221734824
65,frob2+in_out_strength_distribution,2,7776,6396,0.8225308641975309,0.7716499221734824
66,rank+in_out_strength_distribution,2,7776,6396,0.8225308641975309,0.7716499221734824
67,frob2+rank+in_out_strength_distribution,3,7776,6396,0.8225308641975309,0.7716499221734824
68,stable_rank+in_out_strength_distribution,2,7916,6628,0.8372915613946438,0.7783359275505872
69,frob2+stable_rank+in_out_strength_distribution,3,7916,6628,0.8372915613946438,0.7783359275505872
70,rank+stable_rank+in_out_strength_distribution,3,7916,6628,0.8372915613946438,0.7783359275505872
71,frob2+rank+stable_rank+in_out_strength_distribution,4,7916,6628,0.8372915613946438,0.7783359275505872
72,singular_values+in_out_strength_distribution,2,7916,6628,0.8372915613946438,0.7783359275505872
73,frob2+singular_values+in_out_strength_distribution,3,7916,6628,0.8372915613946438,0.7783359275505872
74,rank+singular_values+in_out_strength_distribution,3,7916,6628,0.8372915613946438,0.7783359275505872
75,frob2+rank+singular_values+in_out_strength_distribution,4,7916,6628,0.8372915613946438,0.7783359275505872
76,stable_rank+singular_values+in_out_strength_distribution,3,7916,6628,0.8372915613946438,0.7783359275505872
77,frob2+stable_rank+singular_values+in_out_strength_distribution,4,7916,6628,0.8372915613946438,0.7783359275505872
78,rank+stable_rank+singular_values+in_out_strength_distribution,4,7916,6628,0.8372915613946438,0.7783359275505872
79,frob2+rank+stable_rank+singular_values+in_out_strength_distribution,5,7916,6628,0.8372915613946438,0.7783359275505872
80,out_strength_distribution+in_out_strength_distribution,2,7776,6396,0.8225308641975309,0.7716499221734824
81,frob2+out_strength_distribution+in_out_strength_distribution,3,7776,6396,0.8225308641975309,0.7716499221734824
82,rank+out_strength_distribution+in_out_strength_distribution,3,7776,6396,0.8225308641975309,0.7716499221734824
83,frob2+rank+out_strength_distribution+in_out_strength_distribution,4,7776,6396,0.8225308641975309,0.7716499221734824
84,stable_rank+out_strength_distribution+in_out_strength_distribution,3,7916,6628,0.8372915613946438,0.7783359275505872
85,frob2+stable_rank+out_strength_distribution+in_out_strength_distribution,4,7916,6628,0.8372915613946438,0.7783359275505872
86,rank+stable_rank+out_strength_distribution+in_out_strength_distribution,4,7916,6628,0.8372915613946438,0.7783359275505872
87,frob2+rank+stable_rank+out_strength_distribution+in_out_strength_distribution,5,7916,6628,0.8372915613946438,0.7783359275505872
88,singular_values+out_strength_distribution+in_out_strength_distribution,3,7916,6628,0.8372915613946438,0.7783359275505872
89,frob2+singular_values+out_strength_distribution+in_out_strength_distribution,4,7916,6628,0.8372915613946438,0.7783359275505872
90,rank+singular_values+out_strength_distribution+in_out_strength_distribution,4,7916,6628,0.8372915613946438,0.7783359275505872
91,frob2+rank+singular_values+out_strength_distribution+in_out_strength_distribution,5,7916,6628,0.8372915613946438,0.7783359275505872
92,stable_rank+singular_values+out_strength_distribution+in_out_strength_distribution,4,7916,6628,0.8372915613946438,0.7783359275505872
93,frob2+stable_rank+singular_values+out_strength_distribution+in_out_strength_distribution,5,7916,6628,0.8372915613946438,0.7783359275505872
94,rank+stable_rank+singular_values+out_strength_distribution+in_out_strength_distribution,5,7916,6628,0.8372915613946438,0.7783359275505872
95,frob2+rank+stable_rank+singular_values+out_strength_distribution+in_out_strength_distribution,6,7916,6628,0.8372915613946438,0.7783359275505872
96,in_strength_distribution+in_out_strength_distribution,2,7776,6396,0.8225308641975309,0.7716499221734824
97,frob2+in_strength_distribution+in_out_strength_distribution,3,7776,6396,0.8225308641975309,0.7716499221734824
98,rank+in_strength_distribution+in_out_strength_distribution,3,7776,6396,0.8225308641975309,0.7716499221734824
99,frob2+rank+in_strength_distribution+in_out_strength_distribution,4,7776,6396,0.8225308641975309,0.7716499221734824
100,stable_rank+in_strength_distribution+in_out_strength_distribution,3,7916,6628,0.8372915613946438,0.7783359275505872
101,frob2+stable_rank+in_strength_distribution+in_out_strength_distribution,4,7916,6628,0.8372915613946438,0.7783359275505872
102,rank+stable_rank+in_strength_distribution+in_out_strength_distribution,4,7916,6628,0.8372915613946438,0.7783359275505872
103,frob2+rank+stable_rank+in_strength_distribution+in_out_strength_distribution,5,7916,6628,0.8372915613946438,0.7783359275505872
104,singular_values+in_strength_distribution+in_out_strength_distribution,3,7916,6628,0.8372915613946438,0.7783359275505872
105,frob2+singular_values+in_strength_distribution+in_out_strength_distribution,4,7916,6628,0.8372915613946438,0.7783359275505872
106,rank+singular_values+in_strength_distribution+in_out_strength_distribution,4,7916,6628,0.8372915613946438,0.7783359275505872
107,frob2+rank+singular_values+in_strength_distribution+in_out_strength_distribution,5,7916,6628,0.8372915613946438,0.7783359275505872
108,stable_rank+singular_values+in_strength_distribution+in_out_strength_distribution,4,7916,6628,0.8372915613946438,0.7783359275505872
109,frob2+stable_rank+singular_values+in_strength_distribution+in_out_strength_distribution,5,7916,6628,0.8372915613946438,0.7783359275505872
110,rank+stable_rank+singular_values+in_strength_distribution+in_out_strength_distribution,5,7916,6628,0.8372915613946438,0.7783359275505872
111,frob2+rank+stable_rank+singular_values+in_strength_distribution+in_out_strength_distribution,6,7916,6628,0.8372915613946438,0.7783359275505872
112,out_strength_distribution+in_strength_distribution+in_out_strength_distribution,3,7776,6396,0.8225308641975309,0.7716499221734824
113,frob2+out_strength_distribution+in_strength_distribution+in_out_strength_distribution,4,7776,6396,0.8225308641975309,0.7716499221734824
114,rank+out_strength_distribution+in_strength_distribution+in_out_strength_distribution,4,7776,6396,0.8225308641975309,0.7716499221734824
115,frob2+rank+out_strength_distribution+in_strength_distribution+in_out_strength_distribution,5,7776,6396,0.8225308641975309,0.7716499221734824
116,stable_rank+out_strength_distribution+in_strength_distribution+in_out_strength_distribution,4,7916,6628,0.8372915613946438,0.7783359275505872
117,frob2+stable_rank+out_strength_distribution+in_strength_distribution+in_out_strength_distribution,5,7916,6628,0.8372915613946438,0.7783359275505872
118,rank+stable_rank+out_strength_distribution+in_strength_distribution+in_out_strength_distribution,5,7916,6628,0.8372915613946438,0.7783359275505872
119,frob2+rank+stable_rank+out_strength_distribution+in_strength_distribution+in_out_strength_distribution,6,7916,6628,0.8372915613946438,0.7783359275505872
120,singular_values+out_strength_distribution+in_strength_distribution+in_out_strength_distribution,4,7916,6628,0.8372915613946438,0.7783359275505872
121,frob2+singular_values+out_strength_distribution+in_strength_distribution+in_out_strength_distribution,5,7916,6628,0.8372915613946438,0.7783359275505872
122,rank+singular_values+out_strength_distribution+in_strength_distribution+in_out_strength_distribution,5,7916,6628,0.8372915613946438,0.7783359275505872
123,frob2+rank+singular_values+out_strength_distribution+in_strength_distribution+in_out_strength_distribution,6,7916,6628,0.8372915613946438,0.7783359275505872
124,stable_rank+singular_values+out_strength_distribution+in_strength_distribution+in_out_strength_distribution,5,7916,6628,0.8372915613946438,0.7783359275505872
125,frob2+stable_rank+singular_values+out_strength_distribution+in_strength_distribution+in_out_strength_distribution,6,7916,6628,0.8372915613946438,0.7783359275505872
126,rank+stable_rank+singular_values+out_strength_distribution+in_strength_distribution+in_out_strength_distribution,6,7916,6628,0.8372915613946438,0.7783359275505872
127,frob2+rank+stable_rank+singular_values+out_strength_distribution+in_strength_distribution+in_out_strength_distribution,7,7916,6628,0.8372915613946438,0.7783359275505872
128,out_strength_vector,1,11142,11084,0.9947944713695925,0.9946582708362813
129,frob2+out_strength_vector,2,11202,11202,1.0,1.0
130,rank+out_strength_vector,2,11158,11116,0.9962358845671268,0.9958964199801896
131,frob2+rank+out_strength_vector,3,11202,11202,1.0,1.0
132,stable_rank+out_strength_vector,2,11202,11202,1.0,1.0
133,frob2+stable_rank+out_strength_vector,3,11202,11202,1.0,1.0
134,rank+stable_rank+out_strength_vector,3,11202,11202,1.0,1.0
135,frob2+rank+stable_rank+out_strength_vector,4,11202,11202,1.0,1.0
136,singular_values+out_strength_vector,2,11202,11202,1.0,1.0
137,frob2+singular_values+out_strength_vector,3,11202,11202,1.0,1.0
138,rank+singular_values+out_strength_vector,3,11202,11202,1.0,1.0
139,frob2+rank+singular_values+out_strength_vector,4,11202,11202,1.0,1.0
140,stable_rank+singular_values+out_strength_vector,3,11202,11202,1.0,1.0
141,frob2+stable_rank+singular_values+out_strength_vector,4,11202,11202,1.0,1.0
142,rank+stable_rank+singular_values+out_strength_vector,4,11202,11202,1.0,1.0
143,frob2+rank+stable_rank+singular_values+out_strength_vector,5,11202,11202,1.0,1.0
144,out_strength_distribution+out_strength_vector,2,11142,11084,0.9947944713695925,0.9946582708362813
145,frob2+out_strength_distribution+out_strength_vector,3,11202,11202,1.0,1.0
146,rank+out_strength_distribution+out_strength_vector,3,11158,11116,0.9962358845671268,0.9958964199801896
147,frob2+rank+out_strength_distribution+out_strength_vector,4,11202,11202,1.0,1.0
148,stable_rank+out_strength_distribution+out_strength_vector,3,11202,11202,1.0,1.0
149,frob2+stable_rank+out_strength_distribution+out_strength_vector,4,11202,11202,1.0,1.0
150,rank+stable_rank+out_strength_distribution+out_strength_vector,4,11202,11202,1.0,1.0
151,frob2+rank+stable_rank+out_strength_distribution+out_strength_vector,5,11202,11202,1.0,1.0
152,singular_values+out_strength_distribution+out_strength_vector,3,11202,11202,1.0,1.0
153,frob2+singular_values+out_strength_distribution+out_strength_vector,4,11202,11202,1.0,1.0
154,rank+singular_values+out_strength_distribution+out_strength_vector,4,11202,11202,1.0,1.0
155,frob2+rank+singular_values+out_strength_distribution+out_strength_vector,5,11202,11202,1.0,1.0
156,stable_rank+singular_values+out_strength_distribution+out_strength_vector,4,11202,11202,1.0,1.0
157,frob2+stable_rank+singular_values+out_strength_distribution+out_strength_vector,5,11202,11202,1.0,1.0
158,rank+stable_rank+singular_values+out_strength_distribution+out_strength_vector,5,11202,11202,1.0,1.0
159,frob2+rank+stable_rank+singular_values+out_strength_distribution+out_strength_vector,6,11202,11202,1.0,1.0
160,in_strength_distribution+out_strength_vector,2,11200,11198,0.9998214285714285,0.9997169944813924
161,frob2+in_strength_distribution+out_strength_vector,3,11202,11202,1.0,1.0
162,rank+in_strength_distribution+out_strength_vector,3,11202,11202,1.0,1.0
163,frob2+rank+in_strength_distribution+out_strength_vector,4,11202,11202,1.0,1.0
164,stable_rank+in_strength_distribution+out_strength_vector,3,11202,11202,1.0,1.0
165,frob2+stable_rank+in_strength_distribution+out_strength_vector,4,11202,11202,1.0,1.0
166,rank+stable_rank+in_strength_distribution+out_strength_vector,4,11202,11202,1.0,1.0
167,frob2+rank+stable_rank+in_strength_distribution+out_strength_vector,5,11202,11202,1.0,1.0
168,singular_values+in_strength_distribution+out_strength_vector,3,11202,11202,1.0,1.0
169,frob2+singular_values+in_strength_distribution+out_strength_vector,4,11202,11202,1.0,1.0
170,rank+singular_values+in_strength_distribution+out_strength_vector,4,11202,11202,1.0,1.0
171,frob2+rank+singular_values+in_strength_distribution+out_strength_vector,5,11202,11202,1.0,1.0
172,stable_rank+singular_values+in_strength_distribution+out_strength_vector,4,11202,11202,1.0,1.0
173,frob2+stable_rank+singular_values+in_strength_distribution+out_strength_vector,5,11202,11202,1.0,1.0
174,rank+stable_rank+singular_values+in_strength_distribution+out_strength_vector,5,11202,11202,1.0,1.0
175,frob2+rank+stable_rank+singular_values+in_strength_distribution+out_strength_vector,6,11202,11202,1.0,1.0
176,out_strength_distribution+in_strength_distribution+out_strength_vector,3,11200,11198,0.9998214285714285,0.9997169944813924
177,frob2+out_strength_distribution+in_strength_distribution+out_strength_vector,4,11202,11202,1.0,1.0
178,rank+out_strength_distribution+in_strength_distribution+out_strength_vector,4,11202,11202,1.0,1.0
179,frob2+rank+out_strength_distribution+in_strength_distribution+out_strength_vector,5,11202,11202,1.0,1.0
180,stable_rank+out_strength_distribution+in_strength_distribution+out_strength_vector,4,11202,11202,1.0,1.0
181,frob2+stable_rank+out_strength_distribution+in_strength_distribution+out_strength_vector,5,11202,11202,1.0,1.0
182,rank+stable_rank+out_strength_distribution+in_strength_distribution+out_strength_vector,5,11202,11202,1.0,1.0
183,frob2+rank+stable_rank+out_strength_distribution+in_strength_distribution+out_strength_vector,6,11202,11202,1.0,1.0
184,singular_values+out_strength_distribution+in_strength_distribution+out_strength_vector,4,11202,11202,1.0,1.0
185,frob2+singular_values+out_strength_distribution+in_strength_distribution+out_strength_vector,5,11202,11202,1.0,1.0
186,rank+singular_values+out_strength_distribution+in_strength_distribution+out_strength_vector,5,11202,11202,1.0,1.0
187,frob2+rank+singular_values+out_strength_distribution+in_strength_distribution+out_strength_vector,6,11202,11202,1.0,1.0
188,stable_rank+singular_values+out_strength_distribution+in_strength_distribution+out_strength_vector,5,11202,11202,1.0,1.0
189,frob2+stable_rank+singular_values+out_strength_distribution+in_strength_distribution+out_strength_vector,6,11202,11202,1.0,1.0
190,rank+stable_rank+singular_values+out_strength_distribution+in_strength_distribution+out_strength_vector,6,11202,11202,1.0,1.0
191,frob2+rank+stable_rank+singular_values+out_strength_distribution+in_strength_distribution+out_strength_vector,7,11202,11202,1.0,1.0
192,in_out_strength_distribution+out_strength_vector,2,11202,11202,1.0,1.0
193,frob2+in_out_strength_distribution+out_strength_vector,3,11202,11202,1.0,1.0
194,rank+in_out_strength_distribution+out_strength_vector,3,11202,11202,1.0,1.0
195,frob2+rank+in_out_strength_distribution+out_strength_vector,4,11202,11202,1.0,1.0
196,stable_rank+in_out_strength_distribution+out_strength_vector,3,11202,11202,1.0,1.0
197,frob2+stable_rank+in_out_strength_distribution+out_strength_vector,4,11202,11202,1.0,1.0
198,rank+stable_rank+in_out_strength_distribution+out_strength_vector,4,11202,11202,1.0,1.0
199,frob2+rank+stable_rank+in_out_strength_distribution+out_strength_vector,5,11202,11202,1.0,1.0
200,singular_values+in_out_strength_distribution+out_strength_vector,3,11202,11202,1.0,1.0
201,frob2+singular_values+in_out_strength_distribution+out_strength_vector,4,11202,11202,1.0,1.0
202,rank+singular_values+in_out_strength_distribution+out_strength_vector,4,11202,11202,1.0,1.0
203,frob2+rank+singular_values+in_out_strength_distribution+out_strength_vector,5,11202,11202,1.0,1.0
204,stable_rank+singular_values+in_out_strength_distribution+out_strength_vector,4,11202,11202,1.0,1.0
205,frob2+stable_rank+singular_values+in_out_strength_distribution+out_strength_vector,5,11202,11202,1.0,1.0
206,rank+stable_rank+singular_values+in_out_strength_distribution+out_strength_vector,5,11202,11202,1.0,1.0
207,frob2+rank+stable_rank+singular_values+in_out_strength_distribution+out_strength_vector,6,11202,11202,1.0,1.0
208,out_strength_distribution+in_out_strength_distribution+out_strength_vector,3,11202,11202,1.0,1.0
209,frob2+out_strength_distribution+in_out_strength_distribution+out_strength_vector,4,11202,11202,1.0,1.0
210,rank+out_strength_distribution+in_out_strength_distribution+out_strength_vector,4,11202,11202,1.0,1.0
211,frob2+rank+out_strength_distribution+in_out_strength_distribution+out_strength_vector,5,11202,11202,1.0,1.0
212,stable_rank+out_strength_distribution+in_out_strength_distribution+out_strength_vector,4,11202,11202,1.0,1.0
213,frob2+stable_rank+out_strength_distribution+in_out_strength_distribution+out_strength_vector,5,11202,11202,1.0,1.0
214,rank+stable_rank+out_strength_distribution+in_out_strength_distribution+out_strength_vector,5,11202,11202,1.0,1.0
215,frob2+rank+stable_rank+out_strength_distribution+in_out_strength_distribution+out_strength_vector,6,11202,11202,1.0,1.0
216,singular_values+out_strength_distribution+in_out_strength_distribution+out_strength_vector,4,11202,11202,1.0,1.0
217,frob2+singular_values+out_strength_distribution+in_out_strength_distribution+out_strength_vector,5,11202,11202,1.0,1.0
218,rank+singular_values+out_strength_distribution+in_out_strength_distribution+out_strength_vector,5,11202,11202,1.0,1.0
219,frob2+rank+singular_values+out_strength_distribution+in_out_strength_distribution+out_strength_vector,6,11202,11202,1.0,1.0
220,stable_rank+singular_values+out_strength_distribution+in_out_strength_distribution+out_strength_vector,5,11202,11202,1.0,1.0
221,frob2+stable_rank+singular_values+out_strength_distribution+in_out_strength_distribution+out_strength_vector,6,11202,11202,1.0,1.0
222,rank+stable_rank+singular_values+out_strength_distribution+in_out_strength_distribution+out_strength_vector,6,11202,11202,1.0,1.0
223,frob2+rank+stable_rank+singular_values+out_strength_distribution+in_out_strength_distribution+out_strength_vector,7,11202,11202,1.0,1.0
224,in_strength_distribution+in_out_strength_distribution+out_strength_vector,3,11202,11202,1.0,1.0
225,frob2+in_strength_distribution+in_out_strength_distribution+out_strength_vector,4,11202,11202,1.0,1.0
226,rank+in_strength_distribution+in_out_strength_distribution+out_strength_vector,4,11202,11202,1.0,1.0
227,frob2+rank+in_strength_distribution+in_out_strength_distribution+out_strength_vector,5,11202,11202,1.0,1.0
228,stable_rank+in_strength_distribution+in_out_strength_distribution+out_strength_vector,4,11202,11202,1.0,1.0
229,frob2+stable_rank+in_strength_distribution+in_out_strength_distribution+out_strength_vector,5,11202,11202,1.0,1.0
230,rank+stable_rank+in_strength_distribution+in_out_strength_distribution+out_strength_vector,5,11202,11202,1.0,1.0
231,frob2+rank+stable_rank+in_strength_distribution+in_out_strength_distribution+out_strength_vector,6,11202,11202,1.0,1.0
232,singular_values+in_strength_distribution+in_out_strength_distribution+out_strength_vector,4,11202,11202,1.0,1.0
233,frob2+singular_values+in_strength_distribution+in_out_strength_distribution+out_strength_vector,5,11202,11202,1.0,1.0
234,rank+singular_values+in_strength_distribution+in_out_strength_distribution+out_strength_vector,5,11202,11202,1.0,1.0
235,frob2+rank+singular_values+in_strength_distribution+in_out_strength_distribution+out_strength_vector,6,11202,11202,1.0,1.0
236,stable_rank+singular_values+in_strength_distribution+in_out_strength_distribution+out_strength_vector,5,11202,11202,1.0,1.0
237,frob2+stable_rank+singular_values+in_strength_distribution+in_out_strength_distribution+out_strength_vector,6,11202,11202,1.0,1.0
238,rank+stable_rank+singular_values+in_strength_distribution+in_out_strength_distribution+out_strength_vector,6,11202,11202,1.0,1.0
239,frob2+rank+stable_rank+singular_values+in_strength_distribution+in_out_strength_distribution+out_strength_vector,7,11202,11202,1.0,1.0
240,out_strength_distribution+in_strength_distribution+in_out_strength_distribution+out_strength_vector,4,11202,11202,1.0,1.0
241,frob2+out_strength_distribution+in_strength_distribution+in_out_strength_distribution+out_strength_vector,5,11202,11202,1.0,1.0
242,rank+out_strength_distribution+in_strength_distribution+in_out_strength_distribution+out_strength_vector,5,11202,11202,1.0,1.0
243,frob2+rank+out_strength_distribution+in_strength_distribution+in_out_strength_distribution+out_strength_vector,6,11202,11202,1.0,1.0
244,stable_rank+out_strength_distribution+in_strength_distribution+in_out_strength_distribution+out_strength_vector,5,11202,11202,1.0,1.0
245,frob2+stable_rank+out_strength_distribution+in_strength_distribution+in_out_strength_distribution+out_strength_vector,6,11202,11202,1.0,1.0
246,rank+stable_rank+out_strength_distribution+in_strength_distribution+in_out_strength_distribution+out_strength_vector,6,11202,11202,1.0,1.0
247,frob2+rank+stable_rank+out_strength_distribution+in_strength_distribution+in_out_strength_distribution+out_strength_vector,7,11202,11202,1.0,1.0
248,singular_values+out_strength_distribution+in_strength_distribution+in_out_strength_distribution+out_strength_vector,5,11202,11202,1.0,1.0
249,frob2+singular_values+out_strength_distribution+in_strength_distribution+in_out_strength_distribution+out_strength_vector,6,11202,11202,1.0,1.0
250,rank+singular_values+out_strength_distribution+in_strength_distribution+in_out_strength_distribution+out_strength_vector,6,11202,11202,1.0,1.0
251,frob2+rank+singular_values+out_strength_distribution+in_strength_distribution+in_out_strength_distribution+out_strength_vector,7,11202,11202,1.0,1.0
252,stable_rank+singular_values+out_strength_distribution+in_strength_distribution+in_out_strength_distribution+out_strength_vector,6,11202,11202,1.0,1.0
253,frob2+stable_rank+singular_values+out_strength_distribution+in_strength_distribution+in_out_strength_distribution+out_strength_vector,7,11202,11202,1.0,1.0
254,rank+stable_rank+singular_values+out_strength_distribution+in_strength_distribution+in_out_strength_distribution+out_strength_vector,7,11202,11202,1.0,1.0
255,frob2+rank+stable_rank+singular_values+out_strength_distribution+in_strength_distribution+in_out_strength_distribution+out_strength_vector,8,11202,11202,1.0,1.0
256,in_strength_vector,1,10538,9928,0.9421142531789714,0.9528795811518325
257,frob2+in_strength_vector,2,10990,10812,0.9838034576888081,0.9747063817744446
258,rank+in_strength_vector,2,10724,10284,0.958970533383066,0.9755553983302674
259,frob2+rank+in_strength_vector,3,11056,10940,0.9895079594790159,0.9942691382481958
260,stable_rank+in_strength_vector,2,11182,11174,0.9992845644786263,0.9997877458610442
261,frob2+stable_rank+in_strength_vector,3,11182,11174,0.9992845644786263,0.9997877458610442
262,rank+stable_rank+in_strength_vector,3,11182,11174,0.9992845644786263,0.9997877458610442
263,frob2+rank+stable_rank+in_strength_vector,4,11182,11174,0.9992845644786263,0.9997877458610442
264,singular_values+in_strength_vector,2,11182,11174,0.9992845644786263,0.9997877458610442
265,frob2+singular_values+in_strength_vector,3,11182,11174,0.9992845644786263,0.9997877458610442
266,rank+singular_values+in_strength_vector,3,11182,11174,0.9992845644786263,0.9997877458610442
267,frob2+rank+singular_values+in_strength_vector,4,11182,11174,0.9992845644786263,0.9997877458610442
268,stable_rank+singular_values+in_strength_vector,3,11182,11174,0.9992845644786263,0.9997877458610442
269,frob2+stable_rank+singular_values+in_strength_vector,4,11182,11174,0.9992845644786263,0.9997877458610442
270,rank+stable_rank+singular_values+in_strength_vector,4,11182,11174,0.9992845644786263,0.9997877458610442
271,frob2+rank+stable_rank+singular_values+in_strength_vector,5,11182,11174,0.9992845644786263,0.9997877458610442
272,out_strength_distribution+in_strength_vector,2,11178,11170,0.9992843084630524,0.9997877458610442
273,frob2+out_strength_distribution+in_strength_vector,3,11178,11170,0.9992843084630524,0.9997877458610442
274,rank+out_strength_distribution+in_strength_vector,3,11178,11170,0.9992843084630524,0.9997877458610442
275,frob2+rank+out_strength_distribution+in_strength_vector,4,11178,11170,0.9992843084630524,0.9997877458610442
276,stable_rank+out_strength_distribution+in_strength_vector,3,11182,11174,0.9992845644786263,0.9997877458610442
277,frob2+stable_rank+out_strength_distribution+in_strength_vector,4,11182,11174,0.9992845644786263,0.9997877458610442
278,rank+stable_rank+out_strength_distribution+in_strength_vector,4,11182,11174,0.9992845644786263,0.9997877458610442
279,frob2+rank+stable_rank+out_strength_distribution+in_strength_vector,5,11182,11174,0.9992845644786263,0.9997877458610442
280,singular_values+out_strength_distribution+in_strength_vector,3,11182,11174,0.9992845644786263,0.9997877458610442
281,frob2+singular_values+out_strength_distribution+in_strength_vector,4,11182,11174,0.9992845644786263,0.9997877458610442
282,rank+singular_values+out_strength_distribution+in_strength_vector,4,11182,11174,0.9992845644786263,0.9997877458610442
283,frob2+rank+singular_values+out_strength_distribution+in_strength_vector,5,11182,11174,0.9992845644786263,0.9997877458610442
284,stable_rank+singular_values+out_strength_distribution+in_strength_vector,4,11182,11174,0.9992845644786263,0.9997877458610442
285,frob2+stable_rank+singular_values+out_strength_distribution+in_strength_vector,5,11182,11174,0.9992845644786263,0.9997877458610442
286,rank+stable_rank+singular_values+out_strength_distribution+in_strength_vector,5,11182,11174,0.9992845644786263,0.9997877458610442
287,frob2+rank+stable_rank+singular_values+out_strength_distribution+in_strength_vector,6,11182,11174,0.9992845644786263,0.9997877458610442
288,in_strength_distribution+in_strength_vector,2,10538,9928,0.9421142531789714,0.9528795811518325
289,frob2+in_strength_distribution+in_strength_vector,3,10990,10812,0.9838034576888081,0.9747063817744446
290,rank+in_strength_distribution+in_strength_vector,3,10724,10284,0.958970533383066,0.9755553983302674
291,frob2+rank+in_strength_distribution+in_strength_vector,4,11056,10940,0.9895079594790159,0.9942691382481958
292,stable_rank+in_strength_distribution+in_strength_vector,3,11182,11174,0.9992845644786263,0.9997877458610442
293,frob2+stable_rank+in_strength_distribution+in_strength_vector,4,11182,11174,0.9992845644786263,0.9997877458610442
294,rank+stable_rank+in_strength_distribution+in_strength_vector,4,11182,11174,0.9992845644786263,0.9997877458610442
295,frob2+rank+stable_rank+in_strength_distribution+in_strength_vector,5,11182,11174,0.9992845644786263,0.9997877458610442
296,singular_values+in_strength_distribution+in_strength_vector,3,11182,11174,0.9992845644786263,0.9997877458610442
297,frob2+singular_values+in_strength_distribution+in_strength_vector,4,11182,11174,0.9992845644786263,0.9997877458610442
298,rank+singular_values+in_strength_distribution+in_strength_vector,4,11182,11174,0.9992845644786263,0.9997877458610442
299,frob2+rank+singular_values+in_strength_distribution+in_strength_vector,5,11182,11174,0.9992845644786263,0.9997877458610442
300,stable_rank+singular_values+in_strength_distribution+in_strength_vector,4,11182,11174,0.9992845644786263,0.9997877458610442
301,frob2+stable_rank+singular_values+in_strength_distribution+in_strength_vector,5,11182,11174,0.9992845644786263,0.9997877458610442
302,rank+stable_rank+singular_values+in_strength_distribution+in_strength_vector,5,11182,11174,0.9992845644786263,0.9997877458610442
303,frob2+rank+stable_rank+singular_values+in_strength_distribution+in_strength_vector,6,11182,11174,0.9992845644786263,0.9997877458610442
304,out_strength_distribution+in_strength_distribution+in_strength_vector,3,11178,11170,0.9992843084630524,0.9997877458610442
305,frob2+out_strength_distribution+in_strength_distribution+in_strength_vector,4,11178,11170,0.9992843084630524,0.9997877458610442
306,rank+out_strength_distribution+in_strength_distribution+in_strength_vector,4,11178,11170,0.9992843084630524,0.9997877458610442
307,frob2+rank+out_strength_distribution+in_strength_distribution+in_strength_vector,5,11178,11170,0.9992843084630524,0.9997877458610442
308,stable_rank+out_strength_distribution+in_strength_distribution+in_strength_vector,4,11182,11174,0.9992845644786263,0.9997877458610442
309,frob2+stable_rank+out_strength_distribution+in_strength_distribution+in_strength_vector,5,11182,11174,0.9992845644786263,0.9997877458610442
310,rank+stable_rank+out_strength_distribution+in_strength_distribution+in_strength_vector,5,11182,11174,0.9992845644786263,0.9997877458610442
311,frob2+rank+stable_rank+out_strength_distribution+in_strength_distribution+in_strength_vector,6,11182,11174,0.9992845644786263,0.9997877458610442
312,singular_values+out_strength_distribution+in_strength_distribution+in_strength_vector,4,11182,11174,0.9992845644786263,0.9997877458610442
313,frob2+singular_values+out_strength_distribution+in_strength_distribution+in_strength_vector,5,11182,11174,0.9992845644786263,0.9997877458610442
314,rank+singular_values+out_strength_distribution+in_strength_distribution+in_strength_vector,5,11182,11174,0.9992845644786263,0.9997877458610442
315,frob2+rank+singular_values+out_strength_distribution+in_strength_distribution+in_strength_vector,6,11182,11174,0.9992845644786263,0.9997877458610442
316,stable_rank+singular_values+out_strength_distribution+in_strength_distribution+in_strength_vector,5,11182,11174,0.9992845644786263,0.9997877458610442
317,frob2+stable_rank+singular_values+out_strength_distribution+in_strength_distribution+in_strength_vector,6,11182,11174,0.9992845644786263,0.9997877458610442
318,rank+stable_rank+singular_values+out_strength_distribution+in_strength_distribution+in_strength_vector,6,11182,11174,0.9992845644786263,0.9997877458610442
319,frob2+rank+stable_rank+singular_values+out_strength_distribution+in_strength_distribution+in_strength_vector,7,11182,11174,0.9992845644786263,0.9997877458610442
320,in_out_strength_distribution+in_strength_vector,2,11182,11174,0.9992845644786263,0.9997877458610442
321,frob2+in_out_strength_distribution+in_strength_vector,3,11182,11174,0.9992845644786263,0.9997877458610442
322,rank+in_out_strength_distribution+in_strength_vector,3,11182,11174,0.9992845644786263,0.9997877458610442
323,frob2+rank+in_out_strength_distribution+in_strength_vector,4,11182,11174,0.9992845644786263,0.9997877458610442
324,stable_rank+in_out_strength_distribution+in_strength_vector,3,11182,11174,0.9992845644786263,0.9997877458610442
325,frob2+stable_rank+in_out_strength_distribution+in_strength_vector,4,11182,11174,0.9992845644786263,0.9997877458610442
326,rank+stable_rank+in_out_strength_distribution+in_strength_vector,4,11182,11174,0.9992845644786263,0.9997877458610442
327,frob2+rank+stable_rank+in_out_strength_distribution+in_strength_vector,5,11182,11174,0.9992845644786263,0.9997877458610442
328,singular_values+in_out_strength_distribution+in_strength_vector,3,11182,11174,0.9992845644786263,0.9997877458610442
329,frob2+singular_values+in_out_strength_distribution+in_strength_vector,4,11182,11174,0.9992845644786263,0.9997877458610442
330,rank+singular_values+in_out_strength_distribution+in_strength_vector,4,11182,11174,0.9992845644786263,0.9997877458610442
331,frob2+rank+singular_values+in_out_strength_distribution+in_strength_vector,5,11182,11174,0.9992845644786263,0.9997877458610442
332,stable_rank+singular_values+in_out_strength_distribution+in_strength_vector,4,11182,11174,0.9992845644786263,0.9997877458610442
333,frob2+stable_rank+singular_values+in_out_strength_distribution+in_strength_vector,5,11182,11174,0.9992845644786263,0.9997877458610442
334,rank+stable_rank+singular_values+in_out_strength_distribution+in_strength_vector,5,11182,11174,0.9992845644786263,0.9997877458610442
335,frob2+rank+stable_rank+singular_values+in_out_strength_distribution+in_strength_vector,6,11182,11174,0.9992845644786263,0.9997877458610442
336,out_strength_distribution+in_out_strength_distribution+in_strength_vector,3,11182,11174,0.9992845644786263,0.9997877458610442
337,frob2+out_strength_distribution+in_out_strength_distribution+in_strength_vector,4,11182,11174,0.9992845644786263,0.9997877458610442
338,rank+out_strength_distribution+in_out_strength_distribution+in_strength_vector,4,11182,11174,0.9992845644786263,0.9997877458610442
339,frob2+rank+out_strength_distribution+in_out_strength_distribution+in_strength_vector,5,11182,11174,0.9992845644786263,0.9997877458610442
340,stable_rank+out_strength_distribution+in_out_strength_distribution+in_strength_vector,4,11182,11174,0.9992845644786263,0.9997877458610442
341,frob2+stable_rank+out_strength_distribution+in_out_strength_distribution+in_strength_vector,5,11182,11174,0.9992845644786263,0.9997877458610442
342,rank+stable_rank+out_strength_distribution+in_out_strength_distribution+in_strength_vector,5,11182,11174,0.9992845644786263,0.9997877458610442
343,frob2+rank+stable_rank+out_strength_distribution+in_out_strength_distribution+in_strength_vector,6,11182,11174,0.9992845644786263,0.9997877458610442
344,singular_values+out_strength_distribution+in_out_strength_distribution+in_strength_vector,4,11182,11174,0.9992845644786263,0.9997877458610442
345,frob2+singular_values+out_strength_distribution+in_out_strength_distribution+in_strength_vector,5,11182,11174,0.9992845644786263,0.9997877458610442
346,rank+singular_values+out_strength_distribution+in_out_strength_distribution+in_strength_vector,5,11182,11174,0.9992845644786263,0.9997877458610442
347,frob2+rank+singular_values+out_strength_distribution+in_out_strength_distribution+in_strength_vector,6,11182,11174,0.9992845644786263,0.9997877458610442
348,stable_rank+singular_values+out_strength_distribution+in_out_strength_distribution+in_strength_vector,5,11182,11174,0.9992845644786263,0.9997877458610442
349,frob2+stable_rank+singular_values+out_strength_distribution+in_out_strength_distribution+in_strength_vector,6,11182,11174,0.9992845644786263,0.9997877458610442
350,rank+stable_rank+singular_values+out_strength_distribution+in_out_strength_distribution+in_strength_vector,6,11182,11174,0.9992845644786263,0.9997877458610442
351,frob2+rank+stable_rank+singular_values+out_strength_distribution+in_out_strength_distribution+in_strength_vector,7,11182,11174,0.9992845644786263,0.9997877458610442
352,in_strength_distribution+in_out_strength_distribution+in_strength_vector,3,11182,11174,0.9992845644786263,0.9997877458610442
353,frob2+in_strength_distribution+in_out_strength_distribution+in_strength_vector,4,11182,11174,0.9992845644786263,0.9997877458610442
354,rank+in_strength_distribution+in_out_strength_distribution+in_strength_vector,4,11182,11174,0.9992845644786263,0.9997877458610442
355,frob2+rank+in_strength_distribution+in_out_strength_distribution+in_strength_vector,5,11182,11174,0.9992845644786263,0.9997877458610442
356,stable_rank+in_strength_distribution+in_out_strength_distribution+in_strength_vector,4,11182,11174,0.9992845644786263,0.9997877458610442
357,frob2+stable_rank+in_strength_distribution+in_out_strength_distribution+in_strength_vector,5,11182,11174,0.9992845644786263,0.9997877458610442
358,rank+stable_rank+in_strength_distribution+in_out_strength_distribution+in_strength_vector,5,11182,11174,0.9992845644786263,0.9997877458610442
359,frob2+rank+stable_rank+in_strength_distribution+in_out_strength_distribution+in_strength_vector,6,11182,11174,0.9992845644786263,0.9997877458610442
360,singular_values+in_strength_distribution+in_out_strength_distribution+in_strength_vector,4,11182,11174,0.9992845644786263,0.9997877458610442
361,frob2+singular_values+in_strength_distribution+in_out_strength_distribution+in_strength_vector,5,11182,11174,0.9992845644786263,0.9997877458610442
362,rank+singular_values+in_strength_distribution+in_out_strength_distribution+in_strength_vector,5,11182,11174,0.9992845644786263,0.9997877458610442
363,frob2+rank+singular_values+in_strength_distribution+in_out_strength_distribution+in_strength_vector,6,11182,11174,0.9992845644786263,0.9997877458610442
364,stable_rank+singular_values+in_strength_distribution+in_out_strength_distribution+in_strength_vector,5,11182,11174,0.9992845644786263,0.9997877458610442
365,frob2+stable_rank+singular_values+in_strength_distribution+in_out_strength_distribution+in_strength_vector,6,11182,11174,0.9992845644786263,0.9997877458610442
366,rank+stable_rank+singular_values+in_strength_distribution+in_out_strength_distribution+in_strength_vector,6,11182,11174,0.9992845644786263,0.9997877458610442
367,frob2+rank+stable_rank+singular_values+in_strength_distribution+in_out_strength_distribution+in_strength_vector,7,11182,11174,0.9992845644786263,0.9997877458610442
368,out_strength_distribution+in_strength_distribution+in_out_strength_distribution+in_strength_vector,4,11182,11174,0.9992845644786263,0.9997877458610442
369,frob2+out_strength_distribution+in_strength_distribution+in_out_strength_distribution+in_strength_vector,5,11182,11174,0.9992845644786263,0.9997877458610442
370,rank+out_strength_distribution+in_strength_distribution+in_out_strength_distribution+in_strength_vector,5,11182,11174,0.9992845644786263,0.9997877458610442
371,frob2+rank+out_strength_distribution+in_strength_distribution+in_out_strength_distribution+in_strength_vector,6,11182,11174,0.9992845644786263,0.9997877458610442
372,stable_rank+out_strength_distribution+in_strength_distribution+in_out_strength_distribution+in_strength_vector,5,11182,11174,0.9992845644786263,0.9997877458610442
373,frob2+stable_rank+out_strength_distribution+in_strength_distribution+in_out_strength_distribution+in_strength_vector,6,11182,11174,0.9992845644786263,0.9997877458610442
374,rank+stable_rank+out_strength_distribution+in_strength_distribution+in_out_strength_distribution+in_strength_vector,6,11182,11174,0.9992845644786263,0.9997877458610442
375,frob2+rank+stable_rank+out_strength_distribution+in_strength_distribution+in_out_strength_distribution+in_strength_vector,7,11182,11174,0.9992845644786263,0.9997877458610442
376,singular_values+out_strength_distribution+in_strength_distribution+in_out_strength_distribution+in_strength_vector,5,11182,11174,0.9992845644786263,0.9997877458610442
377,frob2+singular_values+out_strength_distribution+in_strength_distribution+in_out_strength_distribution+in_strength_vector,6,11182,11174,0.9992845644786263,0.9997877458610442
378,rank+singular_values+out_strength_distribution+in_strength_distribution+in_out_strength_distribution+in_strength_vector,6,11182,11174,0.9992845644786263,0.9997877458610442
379,frob2+rank+singular_values+out_strength_distribution+in_strength_distribution+in_out_strength_distribution+in_strength_vector,7,11182,11174,0.9992845644786263,0.9997877458610442
380,stable_rank+singular_values+out_strength_distribution+in_strength_distribution+in_out_strength_distribution+in_strength_vector,6,11182,11174,0.9992845644786263,0.9997877458610442
381,frob2+stable_rank+singular_values+out_strength_distribution+in_strength_distribution+in_out_strength_distribution+in_strength_vector,7,11182,11174,0.9992845644786263,0.9997877458610442
382,rank+stable_rank+singular_values+out_strength_distribution+in_strength_distribution+in_out_strength_distribution+in_strength_vector,7,11182,11174,0.9992845644786263,0.9997877458610442
383,frob2+rank+stable_rank+singular_values+out_strength_distribution+in_strength_distribution+in_out_strength_distribution+in_strength_vector,8,11182,11174,0.9992845644786263,0.9997877458610442
384,out_strength_vector+in_strength_vector,2,11202,11202,1.0,1.0
385,frob2+out_strength_vector+in_strength_vector,3,11202,11202,1.0,1.0
386,rank+out_strength_vector+in_strength_vector,3,11202,11202,1.0,1.0
387,frob2+rank+out_strength_vector+in_strength_vector,4,11202,11202,1.0,1.0
388,stable_rank+out_strength_vector+in_strength_vector,3,11202,11202,1.0,1.0
389,frob2+stable_rank+out_strength_vector+in_strength_vector,4,11202,11202,1.0,1.0
390,rank+stable_rank+out_strength_vector+in_strength_vector,4,11202,11202,1.0,1.0
391,frob2+rank+stable_rank+out_strength_vector+in_strength_vector,5,11202,11202,1.0,1.0
392,singular_values+out_strength_vector+in_strength_vector,3,11202,11202,1.0,1.0
393,frob2+singular_values+out_strength_vector+in_strength_vector,4,11202,11202,1.0,1.0
394,rank+singular_values+out_strength_vector+in_strength_vector,4,11202,11202,1.0,1.0
395,frob2+rank+singular_values+out_strength_vector+in_strength_vector,5,11202,11202,1.0,1.0
396,stable_rank+singular_values+out_strength_vector+in_strength_vector,4,11202,11202,1.0,1.0
397,frob2+stable_rank+singular_values+out_strength_vector+in_strength_vector,5,11202,11202,1.0,1.0
398,rank+stable_rank+singular_values+out_strength_vector+in_strength_vector,5,11202,11202,1.0,1.0
399,frob2+rank+stable_rank+singular_values+out_strength_vector+in_strength_vector,6,11202,11202,1.0,1.0
400,out_strength_distribution+out_strength_vector+in_strength_vector,3,11202,11202,1.0,1.0
401,frob2+out_strength_distribution+out_strength_vector+in_strength_vector,4,11202,11202,1.0,1.0
402,rank+out_strength_distribution+out_strength_vector+in_strength_vector,4,11202,11202,1.0,1.0
403,frob2+rank+out_strength_distribution+out_strength_vector+in_strength_vector,5,11202,11202,1.0,1.0
404,stable_rank+out_strength_distribution+out_strength_vector+in_strength_vector,4,11202,11202,1.0,1.0
405,frob2+stable_rank+out_strength_distribution+out_strength_vector+in_strength_vector,5,11202,11202,1.0,1.0
406,rank+stable_rank+out_strength_distribution+out_strength_vector+in_strength_vector,5,11202,11202,1.0,1.0
407,frob2+rank+stable_rank+out_strength_distribution+out_strength_vector+in_strength_vector,6,11202,11202,1.0,1.0
408,singular_values+out_strength_distribution+out_strength_vector+in_strength_vector,4,11202,11202,1.0,1.0
409,frob2+singular_values+out_strength_distribution+out_strength_vector+in_strength_vector,5,11202,11202,1.0,1.0
410,rank+singular_values+out_strength_distribution+out_strength_vector+in_strength_vector,5,11202,11202,1.0,1.0
411,frob2+rank+singular_values+out_strength_distribution+out_strength_vector+in_strength_vector,6,11202,11202,1.0,1.0
412,stable_rank+singular_values+out_strength_distribution+out_strength_vector+in_strength_vector,5,11202,11202,1.0,1.0
413,frob2+stable_rank+singular_values+out_strength_distribution+out_strength_vector+in_strength_vector,6,11202,11202,1.0,1.0
414,rank+stable_rank+singular_values+out_strength_distribution+out_strength_vector+in_strength_vector,6,11202,11202,1.0,1.0
415,frob2+rank+stable_rank+singular_values+out_strength_distribution+out_strength_vector+in_strength_vector,7,11202,11202,1.0,1.0
416,in_strength_distribution+out_strength_vector+in_strength_vector,3,11202,11202,1.0,1.0
417,frob2+in_strength_distribution+out_strength_vector+in_strength_vector,4,11202,11202,1.0,1.0
418,rank+in_strength_distribution+out_strength_vector+in_strength_vector,4,11202,11202,1.0,1.0
419,frob2+rank+in_strength_distribution+out_strength_vector+in_strength_vector,5,11202,11202,1.0,1.0
420,stable_rank+in_strength_distribution+out_strength_vector+in_strength_vector,4,11202,11202,1.0,1.0
421,frob2+stable_rank+in_strength_distribution+out_strength_vector+in_strength_vector,5,11202,11202,1.0,1.0
422,rank+stable_rank+in_strength_distribution+out_strength_vector+in_strength_vector,5,11202,11202,1.0,1.0
423,frob2+rank+stable_rank+in_strength_distribution+out_strength_vector+in_strength_vector,6,11202,11202,1.0,1.0
424,singular_values+in_strength_distribution+out_strength_vector+in_strength_vector,4,11202,11202,1.0,1.0
425,frob2+singular_values+in_strength_distribution+out_strength_vector+in_strength_vector,5,11202,11202,1.0,1.0
426,rank+singular_values+in_strength_distribution+out_strength_vector+in_strength_vector,5,11202,11202,1.0,1.0
427,frob2+rank+singular_values+in_strength_distribution+out_strength_vector+in_strength_vector,6,11202,11202,1.0,1.0
428,stable_rank+singular_values+in_strength_distribution+out_strength_vector+in_strength_vector,5,11202,11202,1.0,1.0
429,frob2+stable_rank+singular_values+in_strength_distribution+out_strength_vector+in_strength_vector,6,11202,11202,1.0,1.0
430,rank+stable_rank+singular_values+in_strength_distribution+out_strength_vector+in_strength_vector,6,11202,11202,1.0,1.0
431,frob2+rank+stable_rank+singular_values+in_strength_distribution+out_strength_vector+in_strength_vector,7,11202,11202,1.0,1.0
432,out_strength_distribution+in_strength_distribution+out_strength_vector+in_strength_vector,4,11202,11202,1.0,1.0
433,frob2+out_strength_distribution+in_strength_distribution+out_strength_vector+in_strength_vector,5,11202,11202,1.0,1.0
434,rank+out_strength_distribution+in_strength_distribution+out_strength_vector+in_strength_vector,5,11202,11202,1.0,1.0
435,frob2+rank+out_strength_distribution+in_strength_distribution+out_strength_vector+in_strength_vector,6,11202,11202,1.0,1.0
436,stable_rank+out_strength_distribution+in_strength_distribution+out_strength_vector+in_strength_vector,5,11202,11202,1.0,1.0
437,frob2+stable_rank+out_strength_distribution+in_strength_distribution+out_strength_vector+in_strength_vector,6,11202,11202,1.0,1.0
438,rank+stable_rank+out_strength_distribution+in_strength_distribution+out_strength_vector+in_strength_vector,6,11202,11202,1.0,1.0
439,frob2+rank+stable_rank+out_strength_distribution+in_strength_distribution+out_strength_vector+in_strength_vector,7,11202,11202,1.0,1.0
440,singular_values+out_strength_distribution+in_strength_distribution+out_strength_vector+in_strength_vector,5,11202,11202,1.0,1.0
441,frob2+singular_values+out_strength_distribution+in_strength_distribution+out_strength_vector+in_strength_vector,6,11202,11202,1.0,1.0
442,rank+singular_values+out_strength_distribution+in_strength_distribution+out_strength_vector+in_strength_vector,6,11202,11202,1.0,1.0
443,frob2+rank+singular_values+out_strength_distribution+in_strength_distribution+out_strength_vector+in_strength_vector,7,11202,11202,1.0,1.0
444,stable_rank+singular_values+out_strength_distribution+in_strength_distribution+out_strength_vector+in_strength_vector,6,11202,11202,1.0,1.0
445,frob2+stable_rank+singular_values+out_strength_distribution+in_strength_distribution+out_strength_vector+in_strength_vector,7,11202,11202,1.0,1.0
446,rank+stable_rank+singular_values+out_strength_distribution+in_strength_distribution+out_strength_vector+in_strength_vector,7,11202,11202,1.0,1.0
447,frob2+rank+stable_rank+singular_values+out_strength_distribution+in_strength_distribution+out_strength_vector+in_strength_vector,8,11202,11202,1.0,1.0
448,in_out_strength_distribution+out_strength_vector+in_strength_vector,3,11202,11202,1.0,1.0
449,frob2+in_out_strength_distribution+out_strength_vector+in_strength_vector,4,11202,11202,1.0,1.0
450,rank+in_out_strength_distribution+out_strength_vector+in_strength_vector,4,11202,11202,1.0,1.0
451,frob2+rank+in_out_strength_distribution+out_strength_vector+in_strength_vector,5,11202,11202,1.0,1.0
452,stable_rank+in_out_strength_distribution+out_strength_vector+in_strength_vector,4,11202,11202,1.0,1.0
453,frob2+stable_rank+in_out_strength_distribution+out_strength_vector+in_strength_vector,5,11202,11202,1.0,1.0
454,rank+stable_rank+in_out_strength_distribution+out_strength_vector+in_strength_vector,5,11202,11202,1.0,1.0
455,frob2+rank+stable_rank+in_out_strength_distribution+out_strength_vector+in_strength_vector,6,11202,11202,1.0,1.0
456,singular_values+in_out_strength_distribution+out_strength_vector+in_strength_vector,4,11202,11202,1.0,1.0
457,frob2+singular_values+in_out_strength_distribution+out_strength_vector+in_strength_vector,5,11202,11202,1.0,1.0
458,rank+singular_values+in_out_strength_distribution+out_strength_vector+in_strength_vector,5,11202,11202,1.0,1.0
459,frob2+rank+singular_values+in_out_strength_distribution+out_strength_vector+in_strength_vector,6,11202,11202,1.0,1.0
460,stable_rank+singular_values+in_out_strength_distribution+out_strength_vector+in_strength_vector,5,11202,11202,1.0,1.0
461,frob2+stable_rank+singular_values+in_out_strength_distribution+out_strength_vector+in_strength_vector,6,11202,11202,1.0,1.0
462,rank+stable_rank+singular_values+in_out_strength_distribution+out_strength_vector+in_strength_vector,6,11202,11202,1.0,1.0
463,frob2+rank+stable_rank+singular_values+in_out_strength_distribution+out_strength_vector+in_strength_vector,7,11202,11202,1.0,1.0
464,out_strength_distribution+in_out_strength_distribution+out_strength_vector+in_strength_vector,4,11202,11202,1.0,1.0
465,frob2+out_strength_distribution+in_out_strength_distribution+out_strength_vector+in_strength_vector,5,11202,11202,1.0,1.0
466,rank+out_strength_distribution+in_out_strength_distribution+out_strength_vector+in_strength_vector,5,11202,11202,1.0,1.0
467,frob2+rank+out_strength_distribution+in_out_strength_distribution+out_strength_vector+in_strength_vector,6,11202,11202,1.0,1.0
468,stable_rank+out_strength_distribution+in_out_strength_distribution+out_strength_vector+in_strength_vector,5,11202,11202,1.0,1.0
469,frob2+stable_rank+out_strength_distribution+in_out_strength_distribution+out_strength_vector+in_strength_vector,6,11202,11202,1.0,1.0
470,rank+stable_rank+out_strength_distribution+in_out_strength_distribution+out_strength_vector+in_strength_vector,6,11202,11202,1.0,1.0
471,frob2+rank+stable_rank+out_strength_distribution+in_out_strength_distribution+out_strength_vector+in_strength_vector,7,11202,11202,1.0,1.0
472,singular_values+out_strength_distribution+in_out_strength_distribution+out_strength_vector+in_strength_vector,5,11202,11202,1.0,1.0
473,frob2+singular_values+out_strength_distribution+in_out_strength_distribution+out_strength_vector+in_strength_vector,6,11202,11202,1.0,1.0
474,rank+singular_values+out_strength_distribution+in_out_strength_distribution+out_strength_vector+in_strength_vector,6,11202,11202,1.0,1.0
475,frob2+rank+singular_values+out_strength_distribution+in_out_strength_distribution+out_strength_vector+in_strength_vector,7,11202,11202,1.0,1.0
476,stable_rank+singular_values+out_strength_distribution+in_out_strength_distribution+out_strength_vector+in_strength_vector,6,11202,11202,1.0,1.0
477,frob2+stable_rank+singular_values+out_strength_distribution+in_out_strength_distribution+out_strength_vector+in_strength_vector,7,11202,11202,1.0,1.0
478,rank+stable_rank+singular_values+out_strength_distribution+in_out_strength_distribution+out_strength_vector+in_strength_vector,7,11202,11202,1.0,1.0
479,frob2+rank+stable_rank+singular_values+out_strength_distribution+in_out_strength_distribution+out_strength_vector+in_strength_vector,8,11202,11202,1.0,1.0
480,in_strength_distribution+in_out_strength_distribution+out_strength_vector+in_strength_vector,4,11202,11202,1.0,1.0
481,frob2+in_strength_distribution+in_out_strength_distribution+out_strength_vector+in_strength_vector,5,11202,11202,1.0,1.0
482,rank+in_strength_distribution+in_out_strength_distribution+out_strength_vector+in_strength_vector,5,11202,11202,1.0,1.0
483,frob2+rank+in_strength_distribution+in_out_strength_distribution+out_strength_vector+in_strength_vector,6,11202,11202,1.0,1.0
484,stable_rank+in_strength_distribution+in_out_strength_distribution+out_strength_vector+in_strength_vector,5,11202,11202,1.0,1.0
485,frob2+stable_rank+in_strength_distribution+in_out_strength_distribution+out_strength_vector+in_strength_vector,6,11202,11202,1.0,1.0
486,rank+stable_rank+in_strength_distribution+in_out_strength_distribution+out_strength_vector+in_strength_vector,6,11202,11202,1.0,1.0
487,frob2+rank+stable_rank+in_strength_distribution+in_out_strength_distribution+out_strength_vector+in_strength_vector,7,11202,11202,1.0,1.0
488,singular_values+in_strength_distribution+in_out_strength_distribution+out_strength_vector+in_strength_vector,5,11202,11202,1.0,1.0
489,frob2+singular_values+in_strength_distribution+in_out_strength_distribution+out_strength_vector+in_strength_vector,6,11202,11202,1.0,1.0
490,rank+singular_values+in_strength_distribution+in_out_strength_distribution+out_strength_vector+in_strength_vector,6,11202,11202,1.0,1.0
491,frob2+rank+singular_values+in_strength_distribution+in_out_strength_distribution+out_strength_vector+in_strength_vector,7,11202,11202,1.0,1.0
492,stable_rank+singular_values+in_strength_distribution+in_out_strength_distribution+out_strength_vector+in_strength_vector,6,11202,11202,1.0,1.0
493,frob2+stable_rank+singular_values+in_strength_distribution+in_out_strength_distribution+out_strength_vector+in_strength_vector,7,11202,11202,1.0,1.0
494,rank+stable_rank+singular_values+in_strength_distribution+in_out_strength_distribution+out_strength_vector+in_strength_vector,7,11202,11202,1.0,1.0
495,frob2+rank+stable_rank+singular_values+in_strength_distribution+in_out_strength_distribution+out_strength_vector+in_strength_vector,8,11202,11202,1.0,1.0
496,out_strength_distribution+in_strength_distribution+in_out_strength_distribution+out_strength_vector+in_strength_vector,5,11202,11202,1.0,1.0
497,frob2+out_strength_distribution+in_strength_distribution+in_out_strength_distribution+out_strength_vector+in_strength_vector,6,11202,11202,1.0,1.0
498,rank+out_strength_distribution+in_strength_distribution+in_out_strength_distribution+out_strength_vector+in_strength_vector,6,11202,11202,1.0,1.0
499,frob2+rank+out_strength_distribution+in_strength_distribution+in_out_strength_distribution+out_strength_vector+in_strength_vector,7,11202,11202,1.0,1.0
500,stable_rank+out_strength_distribution+in_strength_distribution+in_out_strength_distribution+out_strength_vector+in_strength_vector,6,11202,11202,1.0,1.0
501,frob2+stable_rank+out_strength_distribution+in_strength_distribution+in_out_strength_distribution+out_strength_vector+in_strength_vector,7,11202,11202,1.0,1.0
502,rank+stable_rank+out_strength_distribution+in_strength_distribution+in_out_strength_distribution+out_strength_vector+in_strength_vector,7,11202,11202,1.0,1.0
503,frob2+rank+stable_rank+out_strength_distribution+in_strength_distribution+in_out_strength_distribution+out_strength_vector+in_strength_vector,8,11202,11202,1.0,1.0
504,singular_values+out_strength_distribution+in_strength_distribution+in_out_strength_distribution+out_strength_vector+in_strength_vector,6,11202,11202,1.0,1.0
505,frob2+singular_values+out_strength_distribution+in_strength_distribution+in_out_strength_distribution+out_strength_vector+in_strength_vector,7,11202,11202,1.0,1.0
506,rank+singular_values+out_strength_distribution+in_strength_distribution+in_out_strength_distribution+out_strength_vector+in_strength_vector,7,11202,11202,1.0,1.0
507,frob2+rank+singular_values+out_strength_distribution+in_strength_distribution+in_out_strength_distribution+out_strength_vector+in_strength_vector,8,11202,11202,1.0,1.0
508,stable_rank+singular_values+out_strength_distribution+in_strength_distribution+in_out_strength_distribution+out_strength_vector+in_strength_vector,7,11202,11202,1.0,1.0
509,frob2+stable_rank+singular_values+out_strength_distribution+in_strength_distribution+in_out_strength_distribution+out_strength_vector+in_strength_vector,8,11202,11202,1.0,1.0
510,rank+stable_rank+singular_values+out_strength_distribution+in_strength_distribution+in_out_strength_distribution+out_strength_vector+in_strength_vector,8,11202,11202,1.0,1.0
511,frob2+rank+stable_rank+singular_values+out_strength_distribution+in_strength_distribution+in_out_strength_distribution+out_strength_vector+in_strength_vector,9,11202,11202,1.0,1.0
